Workbook

Sheet Builder
A1: FC Estimate Builder
A2: Procedure | B2: Robotic TKR Unilateral - Right | D2: Pricing Mode | E2: Cash / TR1 | F2: Insurance Org Code
A3: Estimate Pricing | B3: =E2 -> Cash / TR1 | D3: Historical Payer Basis | E3: Auto (Recommended) | F3: Resolved Org Name | G3: =IFERROR(INDEX(Reference!$DV$2:$DV$1000, MATCH(G2, Reference!$DU$2:$DU$1000, 0)), "")
A4: Selected Room Type | B4: Single | D4: Resolved Payor Bucket | E4: =IF(E2="Cash / TR1","Cash",IFERROR(INDEX(Reference!$DT$2:$DT$1000, MATCH(G2, Reference!$DU$2:$DU$1000, 0)), "")) -> Cash | F4: Resolved Tariff Name | G4: =IF(E2="Cash / TR1","KIMS",IFERROR(INDEX(Reference!$DY$2:$DY$1000, MATCH(G2, Reference!$DU$2:$DU$1000, 0)), "")) -> KIMS
A5: Selected Estimate Mode | B5: Typical | D5: Resolved Tariff Code | E5: =IF(E2="Cash / TR1","TR1",IFERROR(INDEX(Reference!$DX$2:$DX$1000, MATCH(G2, Reference!$DU$2:$DU$1000, 0)), "")) -> TR1 | F5: Resolved Pharmacy Basis | G5: =IF(E3<>"Auto (Recommended)",E3,IFERROR(INDEX(Reference!$GP$2:$GP$800, MATCH("pharmacy_basis"&"|"&E4, Reference!$GD$2:$GD$800, 0)), "Cash")) -> Cash
A6: Emergency OT? | B6: No | D6: MLC? | E6: No | F6: Resolved Service Basis | G6: =IF(E3<>"Auto (Recommended)",E3,IFERROR(INDEX(Reference!$GP$2:$GP$800, MATCH("service_basis"&"|"&E4, Reference!$GD$2:$GD$800, 0)), "Cash")) -> Cash
A7: Clinical Drivers | F7: Resolved PF Basis | G7: =IF(E3<>"Auto (Recommended)",E3,IFERROR(INDEX(Reference!$GP$2:$GP$800, MATCH("pf_basis"&"|"&E4, Reference!$GD$2:$GD$800, 0)), "Cash")) -> Cash
A8: Robotic? | B8: Yes | D8: Robotic Charge Presence Rate | E8: 1 | F8: Basis Resolver | G8: =IF(E3<>"Auto (Recommended)","Manual override applied",IFERROR(INDEX(Reference!$GS$2:$GS$800, MATCH("service_basis"&"|"&E4, Reference!$GD$2:$GD$800, 0)), "")) -> Cash selected for service_basis against Cash; recommended exact with 26 cases.
A9: Driver | B9: P25 | C9: P50 | D9: P75 | E9: Selection | F9: Manual Value (used only if Selection = Manual) | G9: Selected Value
A10: LOS | B10: =B11+B12 -> 2 | C10: =C11+C12 -> 3 | D10: =D11+D12 -> 5 | E10: Derived | G10: =G11+G12 -> 3
A11: ICU Days | B11: =INT((IFERROR(INDEX(Reference!$BI$2:$BI$500, MATCH(Builder!G6, Reference!$AZ$2:$AZ$500, 0)), 0)))+IF(MOD((IFERROR(INDEX(Reference!$BI$2:$BI$500, MATCH(Builder!G6, Reference!$AZ$2:$AZ$500, 0)), 0)),1)>0.3,1,0) -> 2 | C11: =INT((IFERROR(INDEX(Reference!$BJ$2:$BJ$500, MATCH(Builder!G6, Reference!$AZ$2:$AZ$500, 0)), 0)))+IF(MOD((IFERROR(INDEX(Reference!$BJ$2:$BJ$500, MATCH(Builder!G6, Reference!$AZ$2:$AZ$500, 0)), 0)),1)>0.3,1,0) -> 2 | D11: =INT((IFERROR(INDEX(Reference!$BK$2:$BK$500, MATCH(Builder!G6, Reference!$AZ$2:$AZ$500, 0)), 0)))+IF(MOD((IFERROR(INDEX(Reference!$BK$2:$BK$500, MATCH(Builder!G6, Reference!$AZ$2:$AZ$500, 0)), 0)),1)>0.3,1,0) -> 3 | E11: P50 | G11: =INT((IF(E11="P25",B11,IF(E11="P50",C11,IF(E11="P75",D11,F11)))))+IF(MOD((IF(E11="P25",B11,IF(E11="P50",C11,IF(E11="P75",D11,F11)))),1)>0.3,1,0) -> 2
A12: Ward Days | B12: =INT((IFERROR(INDEX(Reference!$BL$2:$BL$500, MATCH(Builder!G6, Reference!$AZ$2:$AZ$500, 0)), 0)))+IF(MOD((IFERROR(INDEX(Reference!$BL$2:$BL$500, MATCH(Builder!G6, Reference!$AZ$2:$AZ$500, 0)), 0)),1)>0.3,1,0) -> 0 | C12: =INT((IFERROR(INDEX(Reference!$BM$2:$BM$500, MATCH(Builder!G6, Reference!$AZ$2:$AZ$500, 0)), 0)))+IF(MOD((IFERROR(INDEX(Reference!$BM$2:$BM$500, MATCH(Builder!G6, Reference!$AZ$2:$AZ$500, 0)), 0)),1)>0.3,1,0) -> 1 | D12: =INT((IFERROR(INDEX(Reference!$BN$2:$BN$500, MATCH(Builder!G6, Reference!$AZ$2:$AZ$500, 0)), 0)))+IF(MOD((IFERROR(INDEX(Reference!$BN$2:$BN$500, MATCH(Builder!G6, Reference!$AZ$2:$AZ$500, 0)), 0)),1)>0.3,1,0) -> 2 | E12: P50 | G12: =INT((IF(E12="P25",B12,IF(E12="P50",C12,IF(E12="P75",D12,F12)))))+IF(MOD((IF(E12="P25",B12,IF(E12="P50",C12,IF(E12="P75",D12,F12)))),1)>0.3,1,0) -> 1
A13: OT Hours | B13: =IF((IFERROR(INDEX(Reference!$BO$2:$BO$500, MATCH(Builder!G6, Reference!$AZ$2:$AZ$500, 0)), 0))<=0,0,IF((IFERROR(INDEX(Reference!$BO$2:$BO$500, MATCH(Builder!G6, Reference!$AZ$2:$AZ$500, 0)), 0))<=MIN(Reference!$K$300:$K$331),MIN(Reference!$K$300:$K$331),IF((IFERROR(INDEX(Reference!$BO$2:$BO$500, MATCH(Builder!G6, Reference!$AZ$2:$AZ$500, 0)), 0))>=MAX(Reference!$K$300:$K$331),MAX(Reference!$K$300:$K$331),IF(((IFERROR(INDEX(Reference!$BO$2:$BO$500, MATCH(Builder!G6, Reference!$AZ$2:$AZ$500, 0)), 0))-INDEX(Reference!$K$300:$K$331,MATCH((IFERROR(INDEX(Reference!$BO$2:$BO$500, MATCH(Builder!G6, Reference!$AZ$2:$AZ$500, 0)), 0)),Reference!$K$300:$K$331,1)))<(INDEX(Reference!$K$300:$K$331,MATCH((IFERROR(INDEX(Reference!$BO$2:$BO$500, MATCH(Builder!G6, Reference!$AZ$2:$AZ$500, 0)), 0)),Reference!$K$300:$K$331,1)+1)-(IFERROR(INDEX(Reference!$BO$2:$BO$500, MATCH(Builder!G6, Reference!$AZ$2:$AZ$500, 0)), 0))),INDEX(Reference!$K$300:$K$331,MATCH((IFERROR(INDEX(Reference!$BO$2:$BO$500, MATCH(Builder!G6, Reference!$AZ$2:$AZ$500, 0)), 0)),Reference!$K$300:$K$331,1)),INDEX(Reference!$K$300:$K$331,MATCH((IFERROR(INDEX(Reference!$BO$2:$BO$500, MATCH(Builder!G6, Reference!$AZ$2:$AZ$500, 0)), 0)),Reference!$K$300:$K$331,1)+1))))) -> 2.5 | C13: =IF((IFERROR(INDEX(Reference!$BP$2:$BP$500, MATCH(Builder!G6, Reference!$AZ$2:$AZ$500, 0)), 0))<=0,0,IF((IFERROR(INDEX(Reference!$BP$2:$BP$500, MATCH(Builder!G6, Reference!$AZ$2:$AZ$500, 0)), 0))<=MIN(Reference!$K$300:$K$331),MIN(Reference!$K$300:$K$331),IF((IFERROR(INDEX(Reference!$BP$2:$BP$500, MATCH(Builder!G6, Reference!$AZ$2:$AZ$500, 0)), 0))>=MAX(Reference!$K$300:$K$331),MAX(Reference!$K$300:$K$331),IF(((IFERROR(INDEX(Reference!$BP$2:$BP$500, MATCH(Builder!G6, Reference!$AZ$2:$AZ$500, 0)), 0))-INDEX(Reference!$K$300:$K$331,MATCH((IFERROR(INDEX(Reference!$BP$2:$BP$500, MATCH(Builder!G6, Reference!$AZ$2:$AZ$500, 0)), 0)),Reference!$K$300:$K$331,1)))<(INDEX(Reference!$K$300:$K$331,MATCH((IFERROR(INDEX(Reference!$BP$2:$BP$500, MATCH(Builder!G6, Reference!$AZ$2:$AZ$500, 0)), 0)),Reference!$K$300:$K$331,1)+1)-(IFERROR(INDEX(Reference!$BP$2:$BP$500, MATCH(Builder!G6, Reference!$AZ$2:$AZ$500, 0)), 0))),INDEX(Reference!$K$300:$K$331,MATCH((IFERROR(INDEX(Reference!$BP$2:$BP$500, MATCH(Builder!G6, Reference!$AZ$2:$AZ$500, 0)), 0)),Reference!$K$300:$K$331,1)),INDEX(Reference!$K$300:$K$331,MATCH((IFERROR(INDEX(Reference!$BP$2:$BP$500, MATCH(Builder!G6, Reference!$AZ$2:$AZ$500, 0)), 0)),Reference!$K$300:$K$331,1)+1))))) -> 3 | D13: =IF((IFERROR(INDEX(Reference!$BQ$2:$BQ$500, MATCH(Builder!G6, Reference!$AZ$2:$AZ$500, 0)), 0))<=0,0,IF((IFERROR(INDEX(Reference!$BQ$2:$BQ$500, MATCH(Builder!G6, Reference!$AZ$2:$AZ$500, 0)), 0))<=MIN(Reference!$K$300:$K$331),MIN(Reference!$K$300:$K$331),IF((IFERROR(INDEX(Reference!$BQ$2:$BQ$500, MATCH(Builder!G6, Reference!$AZ$2:$AZ$500, 0)), 0))>=MAX(Reference!$K$300:$K$331),MAX(Reference!$K$300:$K$331),IF(((IFERROR(INDEX(Reference!$BQ$2:$BQ$500, MATCH(Builder!G6, Reference!$AZ$2:$AZ$500, 0)), 0))-INDEX(Reference!$K$300:$K$331,MATCH((IFERROR(INDEX(Reference!$BQ$2:$BQ$500, MATCH(Builder!G6, Reference!$AZ$2:$AZ$500, 0)), 0)),Reference!$K$300:$K$331,1)))<(INDEX(Reference!$K$300:$K$331,MATCH((IFERROR(INDEX(Reference!$BQ$2:$BQ$500, MATCH(Builder!G6, Reference!$AZ$2:$AZ$500, 0)), 0)),Reference!$K$300:$K$331,1)+1)-(IFERROR(INDEX(Reference!$BQ$2:$BQ$500, MATCH(Builder!G6, Reference!$AZ$2:$AZ$500, 0)), 0))),INDEX(Reference!$K$300:$K$331,MATCH((IFERROR(INDEX(Reference!$BQ$2:$BQ$500, MATCH(Builder!G6, Reference!$AZ$2:$AZ$500, 0)), 0)),Reference!$K$300:$K$331,1)),INDEX(Reference!$K$300:$K$331,MATCH((IFERROR(INDEX(Reference!$BQ$2:$BQ$500, MATCH(Builder!G6, Reference!$AZ$2:$AZ$500, 0)), 0)),Reference!$K$300:$K$331,1)+1))))) -> 3 | E13: P50 | G13: =IF((IF(E13="P25",B13,IF(E13="P50",C13,IF(E13="P75",D13,F13))))<=0,0,IF((IF(E13="P25",B13,IF(E13="P50",C13,IF(E13="P75",D13,F13))))<=MIN(Reference!$K$300:$K$331),MIN(Reference!$K$300:$K$331),IF((IF(E13="P25",B13,IF(E13="P50",C13,IF(E13="P75",D13,F13))))>=MAX(Reference!$K$300:$K$331),MAX(Reference!$K$300:$K$331),IF(((IF(E13="P25",B13,IF(E13="P50",C13,IF(E13="P75",D13,F13))))-INDEX(Reference!$K$300:$K$331,MATCH((IF(E13="P25",B13,IF(E13="P50",C13,IF(E13="P75",D13,F13)))),Reference!$K$300:$K$331,1)))<(INDEX(Reference!$K$300:$K$331,MATCH((IF(E13="P25",B13,IF(E13="P50",C13,IF(E13="P75",D13,F13)))),Reference!$K$300:$K$331,1)+1)-(IF(E13="P25",B13,IF(E13="P50",C13,IF(E13="P75",D13,F13))))),INDEX(Reference!$K$300:$K$331,MATCH((IF(E13="P25",B13,IF(E13="P50",C13,IF(E13="P75",D13,F13)))),Reference!$K$300:$K$331,1)),INDEX(Reference!$K$300:$K$331,MATCH((IF(E13="P25",B13,IF(E13="P50",C13,IF(E13="P75",D13,F13)))),Reference!$K$300:$K$331,1)+1))))) -> 3
A14: Resolved OT Slot (Hours) | B14: =IF((G13)<=0,"",IF((G13)<=0,0,IF((G13)<=MIN(Reference!$K$300:$K$331),MIN(Reference!$K$300:$K$331),IF((G13)>=MAX(Reference!$K$300:$K$331),MAX(Reference!$K$300:$K$331),IF(((G13)-INDEX(Reference!$K$300:$K$331,MATCH((G13),Reference!$K$300:$K$331,1)))<(INDEX(Reference!$K$300:$K$331,MATCH((G13),Reference!$K$300:$K$331,1)+1)-(G13)),INDEX(Reference!$K$300:$K$331,MATCH((G13),Reference!$K$300:$K$331,1)),INDEX(Reference!$K$300:$K$331,MATCH((G13),Reference!$K$300:$K$331,1)+1)))))) -> 3
A15: Resolved OT Slot Code | B15: =IF(B14="","",IFERROR(INDEX(Reference!$EQ$2:$EQ$1000,MATCH(Builder!E5&"|"&IF(B6="Yes","emergency","normal")&"|"&(B14),Reference!$EL$2:$EL$1000,0)),"")) -> OTC0010
A16: Resolved OT Slot Label | B16: =IF(B14="","",IFERROR(INDEX(Reference!$ER$2:$ER$1000,MATCH(Builder!E5&"|"&IF(B6="Yes","emergency","normal")&"|"&(B14),Reference!$EL$2:$EL$1000,0)),"")) -> OT - 3 HOURS
A17: Resolved OT Type | B17: =IF(B6="Yes","Emergency","Normal") -> Normal
A19: How To Use
A20: 1. Cash mode uses TR1 pricing. Insurance mode uses the tariff code resolved from the selected insurance organization.
A21: 2. Historical Payer Basis can stay on Auto to resolve service, pharmacy, and PF reference cohorts separately, or be manually overridden for all three together.
A22: 3. LOS is always derived as ICU Days + Ward Days. Manual Value is used only for ICU Days, Ward Days, or OT Hours when that row's Selection is set to Manual.
A23: 4. Estimate Mode changes the amount band used downstream: Low = P25, Typical = P50, High = P75 for each eligible line item.
A24: 5. OT pricing uses the nearest supported tariff OT slot from the selected OT duration and Emergency OT setting.
A25: 6. Drug administration and insurance-excluded service items are automatically suppressed in insurance mode. Package details and patient-policy coverage are not applied in this workbook yet.
A26: 7. Robotic charge is controlled from the Builder. When Robotic is Yes, all mapped robotic-charge rows are included; when No, they are fully excluded.
A27: 8. MLC adds one tariff-backed MLC charge only when the MLC input is Yes. Use Advanced Controls, Implant Selection, Service Add-Ons, and Grouped Adjustments only when the default estimate needs refinement.
A28: 9. Read the final estimate and bucket summary on Estimate Summary.

Sheet Estimate Summary
A1: Estimate Summary
A2: Selected Room | B2: =Builder!B4 -> Single | D2: Final Estimate | E2: =IF(B2="General",'Line Item Detail'!W75,IF(B2="Twin",'Line Item Detail'!X75,'Line Item Detail'!Y75)) -> 597612.07
A3: Selected Estimate Mode | B3: =Builder!B5 -> Typical | D3: How estimate mode works | E3: Low uses P25 amounts, Typical uses P50, and High uses P75. Driver rows change only if their own Selection or Manual value changes. OT uses the resolved tariff OT slot from the selected OT duration and Emergency OT setting. Insurance mode prices services from the selected org tariff and suppresses insurance-excluded rows.
A4: Historical Payer Basis | B4: =Builder!E3 -> Auto (Recommended)
A5: Pricing Mode | B5: =Builder!E2 -> Cash / TR1
A6: Insurance Org Code | B6: =Builder!G2 -> 0 | D6: Room | E6: Low | F6: Typical | G6: High | I6: Selected Drivers & Controls | L6: Cohort Basis Counts
A7: Resolved Payor Bucket | B7: =Builder!E4 -> Cash | D7: General | E7: ='Line Item Detail'!N75 -> 555166.73 | F7: ='Line Item Detail'!O75 -> 579449.25 | G7: ='Line Item Detail'!P75 -> 685465.15 | I7: Selected LOS | J7: =Builder!G10 -> 3 | L7: Selected Cohort Size | M7: =IFERROR(INDEX(Reference!$BA$2:$BA$500, MATCH(Builder!G6, Reference!$AZ$2:$AZ$500, 0)), 0) -> 26
A8: Resolved Tariff Code | B8: =Builder!E5 -> TR1 | D8: Twin | E8: ='Line Item Detail'!Q75 -> 561243.76 | F8: ='Line Item Detail'!R75 -> 587765.91 | G8: ='Line Item Detail'!S75 -> 696021.43 | I8: Selected ICU Days | J8: =Builder!G11 -> 2 | L8: Cash Count | M8: =IFERROR(INDEX(Reference!$BB$2:$BB$500, MATCH(Builder!G6, Reference!$AZ$2:$AZ$500, 0)), 0) -> 26
A9: Pharmacy Benchmark Basis | B9: =Builder!G5 -> Cash | D9: Single | E9: ='Line Item Detail'!T75 -> 566487.76 | F9: ='Line Item Detail'!U75 -> 597612.07 | G9: ='Line Item Detail'!V75 -> 710469.74 | I9: Selected Ward Days | J9: =Builder!G12 -> 1 | L9: GIPSA Count | M9: =IFERROR(INDEX(Reference!$BC$2:$BC$500, MATCH(Builder!G6, Reference!$AZ$2:$AZ$500, 0)), 0) -> 0
A10: Resolved Service Basis | B10: =Builder!G6 -> Cash | I10: Selected OT Hours | J10: =Builder!G13 -> 3 | L10: Non-GIPSA Count | M10: =IFERROR(INDEX(Reference!$BD$2:$BD$500, MATCH(Builder!G6, Reference!$AZ$2:$AZ$500, 0)), 0) -> 0
A11: Resolved PF Basis | B11: =Builder!G7 -> Cash | I11: Emergency OT? | J11: =Builder!B6 -> No | L11: Corporate Count | M11: =IFERROR(INDEX(Reference!$BE$2:$BE$500, MATCH(Builder!G6, Reference!$AZ$2:$AZ$500, 0)), 0) -> 0
A12: Bucket | B12: Selected Estimate | I12: Resolved OT Slot Hours | J12: =Builder!B14 -> 3
A13: Room Charges | B13: =IF(B2="General",SUMIF('Line Item Detail'!$B$2:$B$73,A13,'Line Item Detail'!$W$2:$W$73),IF(B2="Twin",SUMIF('Line Item Detail'!$B$2:$B$73,A13,'Line Item Detail'!$X$2:$X$73),SUMIF('Line Item Detail'!$B$2:$B$73,A13,'Line Item Detail'!$Y$2:$Y$73))) -> 45280 | I13: Resolved OT Slot Code | J13: =Builder!B15 -> OTC0010 | L13: Pharmacy P50 by Basis
A14: Investigations | B14: =IF(B2="General",SUMIF('Line Item Detail'!$B$2:$B$73,A14,'Line Item Detail'!$W$2:$W$73),IF(B2="Twin",SUMIF('Line Item Detail'!$B$2:$B$73,A14,'Line Item Detail'!$X$2:$X$73),SUMIF('Line Item Detail'!$B$2:$B$73,A14,'Line Item Detail'!$Y$2:$Y$73))) -> 14940 | I14: Resolved OT Type | J14: =Builder!B17 -> Normal | L14: Bucket | M14: Cash | N14: GIPSA | O14: Non-GIPSA | P14: Corporate | Q14: Insurance All | R14: All Payers
A15: Procedure / OT Charges | B15: =IF(B2="General",SUMIF('Line Item Detail'!$B$2:$B$73,A15,'Line Item Detail'!$W$2:$W$73),IF(B2="Twin",SUMIF('Line Item Detail'!$B$2:$B$73,A15,'Line Item Detail'!$X$2:$X$73),SUMIF('Line Item Detail'!$B$2:$B$73,A15,'Line Item Detail'!$Y$2:$Y$73))) -> 158660 | I15: MLC? | J15: =Builder!E6 -> No | L15: IP Drugs / Day | M15: =IFERROR(INDEX(Reference!$CK$2:$CK$500, MATCH("Cash", Reference!$AZ$2:$AZ$500, 0)), 0) -> 2855.3187 | N15: =IFERROR(INDEX(Reference!$CK$2:$CK$500, MATCH("GIPSA Insurance", Reference!$AZ$2:$AZ$500, 0)), 0) -> 0 | O15: =IFERROR(INDEX(Reference!$CK$2:$CK$500, MATCH("Non-GIPSA Insurance", Reference!$AZ$2:$AZ$500, 0)), 0) -> 0 | P15: =IFERROR(INDEX(Reference!$CK$2:$CK$500, MATCH("Corporate", Reference!$AZ$2:$AZ$500, 0)), 0) -> 0 | Q15: =IFERROR(INDEX(Reference!$CK$2:$CK$500, MATCH("Insurance All", Reference!$AZ$2:$AZ$500, 0)), 0) -> 0 | R15: =IFERROR(INDEX(Reference!$CK$2:$CK$500, MATCH("All Payers", Reference!$AZ$2:$AZ$500, 0)), 0) -> 2855.3187
A16: Bedside Services | B16: =IF(B2="General",SUMIF('Line Item Detail'!$B$2:$B$73,A16,'Line Item Detail'!$W$2:$W$73),IF(B2="Twin",SUMIF('Line Item Detail'!$B$2:$B$73,A16,'Line Item Detail'!$X$2:$X$73),SUMIF('Line Item Detail'!$B$2:$B$73,A16,'Line Item Detail'!$Y$2:$Y$73))) -> 5200 | I16: OT Consumables Selected Typical | J16: ='Advanced Controls'!C6 -> 72382.9 | L16: IP Consumables / Day | M16: =IFERROR(INDEX(Reference!$CN$2:$CN$500, MATCH("Cash", Reference!$AZ$2:$AZ$500, 0)), 0) -> 3428.8283 | N16: =IFERROR(INDEX(Reference!$CN$2:$CN$500, MATCH("GIPSA Insurance", Reference!$AZ$2:$AZ$500, 0)), 0) -> 0 | O16: =IFERROR(INDEX(Reference!$CN$2:$CN$500, MATCH("Non-GIPSA Insurance", Reference!$AZ$2:$AZ$500, 0)), 0) -> 0 | P16: =IFERROR(INDEX(Reference!$CN$2:$CN$500, MATCH("Corporate", Reference!$AZ$2:$AZ$500, 0)), 0) -> 0 | Q16: =IFERROR(INDEX(Reference!$CN$2:$CN$500, MATCH("Insurance All", Reference!$AZ$2:$AZ$500, 0)), 0) -> 0 | R16: =IFERROR(INDEX(Reference!$CN$2:$CN$500, MATCH("All Payers", Reference!$AZ$2:$AZ$500, 0)), 0) -> 3428.8283
A17: Pharmacy | B17: =IF(B2="General",SUMIF('Line Item Detail'!$B$2:$B$73,A17,'Line Item Detail'!$W$2:$W$73),IF(B2="Twin",SUMIF('Line Item Detail'!$B$2:$B$73,A17,'Line Item Detail'!$X$2:$X$73),SUMIF('Line Item Detail'!$B$2:$B$73,A17,'Line Item Detail'!$Y$2:$Y$73))) -> 189805.04 | I17: Implants Selected Typical | J17: ='Implant Selection'!F6 -> 89130.16 | L17: OT Drugs | M17: =IFERROR(INDEX(Reference!$CB$2:$CB$500, MATCH("Cash", Reference!$AZ$2:$AZ$500, 0)), 0) -> 9439.535 | N17: =IFERROR(INDEX(Reference!$CB$2:$CB$500, MATCH("GIPSA Insurance", Reference!$AZ$2:$AZ$500, 0)), 0) -> 0 | O17: =IFERROR(INDEX(Reference!$CB$2:$CB$500, MATCH("Non-GIPSA Insurance", Reference!$AZ$2:$AZ$500, 0)), 0) -> 0 | P17: =IFERROR(INDEX(Reference!$CB$2:$CB$500, MATCH("Corporate", Reference!$AZ$2:$AZ$500, 0)), 0) -> 0 | Q17: =IFERROR(INDEX(Reference!$CB$2:$CB$500, MATCH("Insurance All", Reference!$AZ$2:$AZ$500, 0)), 0) -> 0 | R17: =IFERROR(INDEX(Reference!$CB$2:$CB$500, MATCH("All Payers", Reference!$AZ$2:$AZ$500, 0)), 0) -> 9439.535
A18: Drug Administration Charges | B18: =IF(B2="General",SUMIF('Line Item Detail'!$B$2:$B$73,A18,'Line Item Detail'!$W$2:$W$73),IF(B2="Twin",SUMIF('Line Item Detail'!$B$2:$B$73,A18,'Line Item Detail'!$X$2:$X$73),SUMIF('Line Item Detail'!$B$2:$B$73,A18,'Line Item Detail'!$Y$2:$Y$73))) -> 23725.63 | I18: Optional Add-Ons Selected Typical | J18: ='Service Add-Ons'!C5 -> 0 | L18: OT Consumables | M18: =IFERROR(INDEX(Reference!$CE$2:$CE$500, MATCH("Cash", Reference!$AZ$2:$AZ$500, 0)), 0) -> 72382.9 | N18: =IFERROR(INDEX(Reference!$CE$2:$CE$500, MATCH("GIPSA Insurance", Reference!$AZ$2:$AZ$500, 0)), 0) -> 0 | O18: =IFERROR(INDEX(Reference!$CE$2:$CE$500, MATCH("Non-GIPSA Insurance", Reference!$AZ$2:$AZ$500, 0)), 0) -> 0 | P18: =IFERROR(INDEX(Reference!$CE$2:$CE$500, MATCH("Corporate", Reference!$AZ$2:$AZ$500, 0)), 0) -> 0 | Q18: =IFERROR(INDEX(Reference!$CE$2:$CE$500, MATCH("Insurance All", Reference!$AZ$2:$AZ$500, 0)), 0) -> 0 | R18: =IFERROR(INDEX(Reference!$CE$2:$CE$500, MATCH("All Payers", Reference!$AZ$2:$AZ$500, 0)), 0) -> 72382.9
A19: Professional Fees | B19: =IF(B2="General",SUMIF('Line Item Detail'!$B$2:$B$73,A19,'Line Item Detail'!$W$2:$W$73),IF(B2="Twin",SUMIF('Line Item Detail'!$B$2:$B$73,A19,'Line Item Detail'!$X$2:$X$73),SUMIF('Line Item Detail'!$B$2:$B$73,A19,'Line Item Detail'!$Y$2:$Y$73))) -> 160001.4 | I19: Grouped Adjustments Selected Typical | J19: ='Grouped Adjustments'!C5 -> 7280 | L19: Implants | M19: =IFERROR(INDEX(Reference!$CH$2:$CH$500, MATCH("Cash", Reference!$AZ$2:$AZ$500, 0)), 0) -> 89130.16 | N19: =IFERROR(INDEX(Reference!$CH$2:$CH$500, MATCH("GIPSA Insurance", Reference!$AZ$2:$AZ$500, 0)), 0) -> 0 | O19: =IFERROR(INDEX(Reference!$CH$2:$CH$500, MATCH("Non-GIPSA Insurance", Reference!$AZ$2:$AZ$500, 0)), 0) -> 0 | P19: =IFERROR(INDEX(Reference!$CH$2:$CH$500, MATCH("Corporate", Reference!$AZ$2:$AZ$500, 0)), 0) -> 0 | Q19: =IFERROR(INDEX(Reference!$CH$2:$CH$500, MATCH("Insurance All", Reference!$AZ$2:$AZ$500, 0)), 0) -> 0 | R19: =IFERROR(INDEX(Reference!$CH$2:$CH$500, MATCH("All Payers", Reference!$AZ$2:$AZ$500, 0)), 0) -> 89130.16
A20: Optional Add-Ons | B20: =IF(B2="General",SUMIF('Line Item Detail'!$B$2:$B$73,A20,'Line Item Detail'!$W$2:$W$73),IF(B2="Twin",SUMIF('Line Item Detail'!$B$2:$B$73,A20,'Line Item Detail'!$X$2:$X$73),SUMIF('Line Item Detail'!$B$2:$B$73,A20,'Line Item Detail'!$Y$2:$Y$73))) -> 0 | I20: Grouped Adjustments Included Count | J20: ='Grouped Adjustments'!E5 -> 3
A21: Grand Total | B21: =E2 -> 597612.07
A22: Professional Fees (Historic Basis P50) | B22: =IFERROR(INDEX(Reference!$FF$2:$FF$500, MATCH(Builder!G7, Reference!$FC$2:$FC$500, 0)), 0) -> 98192
A23: Grand Total (Historic PF) | B23: =B21-B19+B22 -> 535802.67
I24: Service Count Check | L24: Selected Basis PF Mix
A25: Professional Fees by Payer | I25: Current Included | J25: ='Service Add-Ons'!P10 -> 37 | L25: PF Bucket | M25: P25 | N25: P50 | O25: P75 | P25: Note
A26: Payer | B26: Cases | C26: P25 | D26: P50 | E26: P75 | I26: Historical P25 | J26: ='Service Add-Ons'!P5 -> 36.25 | L26: Collectible Historical PF | M26: =IFERROR(INDEX(Reference!$FE$2:$FE$500, MATCH(Builder!G7, Reference!$FC$2:$FC$500, 0)), 0) -> 96442 | N26: =IFERROR(INDEX(Reference!$FF$2:$FF$500, MATCH(Builder!G7, Reference!$FC$2:$FC$500, 0)), 0) -> 98192 | O26: =IFERROR(INDEX(Reference!$FG$2:$FG$500, MATCH(Builder!G7, Reference!$FC$2:$FC$500, 0)), 0) -> 99817 | P26: Total collectible PF
A27: Cash | B27: =IFERROR(INDEX(Reference!$FD$2:$FD$500, MATCH("Cash", Reference!$FC$2:$FC$500, 0)), 0) -> 26 | C27: =IFERROR(INDEX(Reference!$FE$2:$FE$500, MATCH("Cash", Reference!$FC$2:$FC$500, 0)), 0) -> 96442 | D27: =IFERROR(INDEX(Reference!$FF$2:$FF$500, MATCH("Cash", Reference!$FC$2:$FC$500, 0)), 0) -> 98192 | E27: =IFERROR(INDEX(Reference!$FG$2:$FG$500, MATCH("Cash", Reference!$FC$2:$FC$500, 0)), 0) -> 99817 | I27: Historical P50 | J27: ='Service Add-Ons'!P6 -> 39 | L27: Named PF | M27: =IFERROR(INDEX(Reference!$FH$2:$FH$500, MATCH(Builder!G7, Reference!$FC$2:$FC$500, 0)), 0) -> 95562 | N27: =IFERROR(INDEX(Reference!$FI$2:$FI$500, MATCH(Builder!G7, Reference!$FC$2:$FC$500, 0)), 0) -> 97062 | O27: =IFERROR(INDEX(Reference!$FJ$2:$FJ$500, MATCH(Builder!G7, Reference!$FC$2:$FC$500, 0)), 0) -> 98562 | P27: Named doctor rows
A28: GIPSA Insurance | B28: =IFERROR(INDEX(Reference!$FD$2:$FD$500, MATCH("GIPSA Insurance", Reference!$FC$2:$FC$500, 0)), 0) -> 0 | C28: =IFERROR(INDEX(Reference!$FE$2:$FE$500, MATCH("GIPSA Insurance", Reference!$FC$2:$FC$500, 0)), 0) -> 0 | D28: =IFERROR(INDEX(Reference!$FF$2:$FF$500, MATCH("GIPSA Insurance", Reference!$FC$2:$FC$500, 0)), 0) -> 0 | E28: =IFERROR(INDEX(Reference!$FG$2:$FG$500, MATCH("GIPSA Insurance", Reference!$FC$2:$FC$500, 0)), 0) -> 0 | I28: Historical P75 | J28: ='Service Add-Ons'!P7 -> 41 | L28: General Needed PF | M28: =IFERROR(INDEX(Reference!$FK$2:$FK$500, MATCH(Builder!G7, Reference!$FC$2:$FC$500, 0)), 0) -> 880 | N28: =IFERROR(INDEX(Reference!$FL$2:$FL$500, MATCH(Builder!G7, Reference!$FC$2:$FC$500, 0)), 0) -> 880 | O28: =IFERROR(INDEX(Reference!$FM$2:$FM$500, MATCH(Builder!G7, Reference!$FC$2:$FC$500, 0)), 0) -> 880 | P28: General-needed rows
A29: Non-GIPSA Insurance | B29: =IFERROR(INDEX(Reference!$FD$2:$FD$500, MATCH("Non-GIPSA Insurance", Reference!$FC$2:$FC$500, 0)), 0) -> 0 | C29: =IFERROR(INDEX(Reference!$FE$2:$FE$500, MATCH("Non-GIPSA Insurance", Reference!$FC$2:$FC$500, 0)), 0) -> 0 | D29: =IFERROR(INDEX(Reference!$FF$2:$FF$500, MATCH("Non-GIPSA Insurance", Reference!$FC$2:$FC$500, 0)), 0) -> 0 | E29: =IFERROR(INDEX(Reference!$FG$2:$FG$500, MATCH("Non-GIPSA Insurance", Reference!$FC$2:$FC$500, 0)), 0) -> 0 | I29: Alert | J29: ='Service Add-Ons'!P11 -> Within historical range | L29: Surgeon Named | M29: =IFERROR(INDEX(Reference!$FN$2:$FN$500, MATCH(Builder!G7, Reference!$FC$2:$FC$500, 0)), 0) -> 65000 | N29: =IFERROR(INDEX(Reference!$FO$2:$FO$500, MATCH(Builder!G7, Reference!$FC$2:$FC$500, 0)), 0) -> 65000 | O29: =IFERROR(INDEX(Reference!$FP$2:$FP$500, MATCH(Builder!G7, Reference!$FC$2:$FC$500, 0)), 0) -> 65000 | P29: Named surgeon rows
A30: Corporate | B30: =IFERROR(INDEX(Reference!$FD$2:$FD$500, MATCH("Corporate", Reference!$FC$2:$FC$500, 0)), 0) -> 0 | C30: =IFERROR(INDEX(Reference!$FE$2:$FE$500, MATCH("Corporate", Reference!$FC$2:$FC$500, 0)), 0) -> 0 | D30: =IFERROR(INDEX(Reference!$FF$2:$FF$500, MATCH("Corporate", Reference!$FC$2:$FC$500, 0)), 0) -> 0 | E30: =IFERROR(INDEX(Reference!$FG$2:$FG$500, MATCH("Corporate", Reference!$FC$2:$FC$500, 0)), 0) -> 0 | L30: Assistant Surgeon Named | M30: =IFERROR(INDEX(Reference!$FQ$2:$FQ$500, MATCH(Builder!G7, Reference!$FC$2:$FC$500, 0)), 0) -> 9750 | N30: =IFERROR(INDEX(Reference!$FR$2:$FR$500, MATCH(Builder!G7, Reference!$FC$2:$FC$500, 0)), 0) -> 9750 | O30: =IFERROR(INDEX(Reference!$FS$2:$FS$500, MATCH(Builder!G7, Reference!$FC$2:$FC$500, 0)), 0) -> 9750 | P30: Named assistant surgeon rows
A31: Insurance All | B31: =IFERROR(INDEX(Reference!$FD$2:$FD$500, MATCH("Insurance All", Reference!$FC$2:$FC$500, 0)), 0) -> 0 | C31: =IFERROR(INDEX(Reference!$FE$2:$FE$500, MATCH("Insurance All", Reference!$FC$2:$FC$500, 0)), 0) -> 0 | D31: =IFERROR(INDEX(Reference!$FF$2:$FF$500, MATCH("Insurance All", Reference!$FC$2:$FC$500, 0)), 0) -> 0 | E31: =IFERROR(INDEX(Reference!$FG$2:$FG$500, MATCH("Insurance All", Reference!$FC$2:$FC$500, 0)), 0) -> 0 | L31: Anesthetist Named | M31: =IFERROR(INDEX(Reference!$FT$2:$FT$500, MATCH(Builder!G7, Reference!$FC$2:$FC$500, 0)), 0) -> 16750 | N31: =IFERROR(INDEX(Reference!$FU$2:$FU$500, MATCH(Builder!G7, Reference!$FC$2:$FC$500, 0)), 0) -> 16750 | O31: =IFERROR(INDEX(Reference!$FV$2:$FV$500, MATCH(Builder!G7, Reference!$FC$2:$FC$500, 0)), 0) -> 16750 | P31: Named anesthetist rows
A32: All Payers | B32: =IFERROR(INDEX(Reference!$FD$2:$FD$500, MATCH("All Payers", Reference!$FC$2:$FC$500, 0)), 0) -> 26 | C32: =IFERROR(INDEX(Reference!$FE$2:$FE$500, MATCH("All Payers", Reference!$FC$2:$FC$500, 0)), 0) -> 96442 | D32: =IFERROR(INDEX(Reference!$FF$2:$FF$500, MATCH("All Payers", Reference!$FC$2:$FC$500, 0)), 0) -> 98192 | E32: =IFERROR(INDEX(Reference!$FG$2:$FG$500, MATCH("All Payers", Reference!$FC$2:$FC$500, 0)), 0) -> 99817 | L32: Assistant Anesthetist Named | M32: =IFERROR(INDEX(Reference!$FW$2:$FW$500, MATCH(Builder!G7, Reference!$FC$2:$FC$500, 0)), 0) -> 4062 | N32: =IFERROR(INDEX(Reference!$FX$2:$FX$500, MATCH(Builder!G7, Reference!$FC$2:$FC$500, 0)), 0) -> 4062 | O32: =IFERROR(INDEX(Reference!$FY$2:$FY$500, MATCH(Builder!G7, Reference!$FC$2:$FC$500, 0)), 0) -> 4062 | P32: Named assistant anesthetist rows
L33: Consultant / Physician Named | M33: =IFERROR(INDEX(Reference!$FZ$2:$FZ$500, MATCH(Builder!G7, Reference!$FC$2:$FC$500, 0)), 0) -> 0 | N33: =IFERROR(INDEX(Reference!$GA$2:$GA$500, MATCH(Builder!G7, Reference!$FC$2:$FC$500, 0)), 0) -> 1500 | O33: =IFERROR(INDEX(Reference!$GB$2:$GB$500, MATCH(Builder!G7, Reference!$FC$2:$FC$500, 0)), 0) -> 3000 | P33: Named consultant/physician rows
L34: Selected Basis PF Shape | M34: =IFERROR(INDEX(Reference!$GC$2:$GC$500, MATCH(Builder!G7, Reference!$FC$2:$FC$500, 0)), "") -> cash_formula_like
A36: IP FC Actuals Selected-Basis Snapshot
A37: Field | B37: Basis | C37: P25 | D37: P50 | E37: P75 | F37: Notes
A38: LOS Days | B38: =Builder!G6 -> Cash | C38: =IFERROR(INDEX(Reference!$HH$2:$HH$1000, MATCH(Builder!G6&"|"&"los_days", Reference!$HA$2:$HA$1000, 0)), 0) -> 3 | D38: =IFERROR(INDEX(Reference!$HI$2:$HI$1000, MATCH(Builder!G6&"|"&"los_days", Reference!$HA$2:$HA$1000, 0)), 0) -> 3 | E38: =IFERROR(INDEX(Reference!$HJ$2:$HJ$1000, MATCH(Builder!G6&"|"&"los_days", Reference!$HA$2:$HA$1000, 0)), 0) -> 3.75
A39: ICU Days | B39: =Builder!G6 -> Cash | C39: =IFERROR(INDEX(Reference!$HH$2:$HH$1000, MATCH(Builder!G6&"|"&"icu_days", Reference!$HA$2:$HA$1000, 0)), 0) -> 2 | D39: =IFERROR(INDEX(Reference!$HI$2:$HI$1000, MATCH(Builder!G6&"|"&"icu_days", Reference!$HA$2:$HA$1000, 0)), 0) -> 2 | E39: =IFERROR(INDEX(Reference!$HJ$2:$HJ$1000, MATCH(Builder!G6&"|"&"icu_days", Reference!$HA$2:$HA$1000, 0)), 0) -> 3
A40: Ward Days | B40: =Builder!G6 -> Cash | C40: =IFERROR(INDEX(Reference!$HH$2:$HH$1000, MATCH(Builder!G6&"|"&"ward_days", Reference!$HA$2:$HA$1000, 0)), 0) -> 0.25 | D40: =IFERROR(INDEX(Reference!$HI$2:$HI$1000, MATCH(Builder!G6&"|"&"ward_days", Reference!$HA$2:$HA$1000, 0)), 0) -> 1 | E40: =IFERROR(INDEX(Reference!$HJ$2:$HJ$1000, MATCH(Builder!G6&"|"&"ward_days", Reference!$HA$2:$HA$1000, 0)), 0) -> 1.75
A41: OT Hours | B41: =Builder!G6 -> Cash | C41: =IFERROR(INDEX(Reference!$HH$2:$HH$1000, MATCH(Builder!G6&"|"&"ot_hours", Reference!$HA$2:$HA$1000, 0)), 0) -> 2.5 | D41: =IFERROR(INDEX(Reference!$HI$2:$HI$1000, MATCH(Builder!G6&"|"&"ot_hours", Reference!$HA$2:$HA$1000, 0)), 0) -> 3 | E41: =IFERROR(INDEX(Reference!$HJ$2:$HJ$1000, MATCH(Builder!G6&"|"&"ot_hours", Reference!$HA$2:$HA$1000, 0)), 0) -> 3
A42: Service Line Count | B42: =Builder!G6 -> Cash | C42: =IFERROR(INDEX(Reference!$HH$2:$HH$1000, MATCH(Builder!G6&"|"&"service_line_count", Reference!$HA$2:$HA$1000, 0)), 0) -> 36.25 | D42: =IFERROR(INDEX(Reference!$HI$2:$HI$1000, MATCH(Builder!G6&"|"&"service_line_count", Reference!$HA$2:$HA$1000, 0)), 0) -> 39 | E42: =IFERROR(INDEX(Reference!$HJ$2:$HJ$1000, MATCH(Builder!G6&"|"&"service_line_count", Reference!$HA$2:$HA$1000, 0)), 0) -> 41
A43: Room Charges | B43: =Builder!G6 -> Cash | C43: =IFERROR(INDEX(Reference!$HH$2:$HH$1000, MATCH(Builder!G6&"|"&"room_charges", Reference!$HA$2:$HA$1000, 0)), 0) -> 41910 | D43: =IFERROR(INDEX(Reference!$HI$2:$HI$1000, MATCH(Builder!G6&"|"&"room_charges", Reference!$HA$2:$HA$1000, 0)), 0) -> 45064 | E43: =IFERROR(INDEX(Reference!$HJ$2:$HJ$1000, MATCH(Builder!G6&"|"&"room_charges", Reference!$HA$2:$HA$1000, 0)), 0) -> 54051
A44: Room Charges / Day | B44: =Builder!G6 -> Cash | C44: =IFERROR(INDEX(Reference!$HH$2:$HH$1000, MATCH(Builder!G6&"|"&"room_charges_per_day", Reference!$HA$2:$HA$1000, 0)), 0) -> 13042.67 | D44: =IFERROR(INDEX(Reference!$HI$2:$HI$1000, MATCH(Builder!G6&"|"&"room_charges_per_day", Reference!$HA$2:$HA$1000, 0)), 0) -> 13970 | E44: =IFERROR(INDEX(Reference!$HJ$2:$HJ$1000, MATCH(Builder!G6&"|"&"room_charges_per_day", Reference!$HA$2:$HA$1000, 0)), 0) -> 15021.33
A45: Investigations | B45: =Builder!G6 -> Cash | C45: =IFERROR(INDEX(Reference!$HH$2:$HH$1000, MATCH(Builder!G6&"|"&"investigations", Reference!$HA$2:$HA$1000, 0)), 0) -> 9027.5 | D45: =IFERROR(INDEX(Reference!$HI$2:$HI$1000, MATCH(Builder!G6&"|"&"investigations", Reference!$HA$2:$HA$1000, 0)), 0) -> 15370 | E45: =IFERROR(INDEX(Reference!$HJ$2:$HJ$1000, MATCH(Builder!G6&"|"&"investigations", Reference!$HA$2:$HA$1000, 0)), 0) -> 18402.5
A46: Procedure / OT Charges | B46: =Builder!G6 -> Cash | C46: =IFERROR(INDEX(Reference!$HH$2:$HH$1000, MATCH(Builder!G6&"|"&"procedure_ot_charges", Reference!$HA$2:$HA$1000, 0)), 0) -> 154880 | D46: =IFERROR(INDEX(Reference!$HI$2:$HI$1000, MATCH(Builder!G6&"|"&"procedure_ot_charges", Reference!$HA$2:$HA$1000, 0)), 0) -> 159090 | E46: =IFERROR(INDEX(Reference!$HJ$2:$HJ$1000, MATCH(Builder!G6&"|"&"procedure_ot_charges", Reference!$HA$2:$HA$1000, 0)), 0) -> 160140
A47: Bedside Services | B47: =Builder!G6 -> Cash | C47: =IFERROR(INDEX(Reference!$HH$2:$HH$1000, MATCH(Builder!G6&"|"&"bedside_services", Reference!$HA$2:$HA$1000, 0)), 0) -> 4050 | D47: =IFERROR(INDEX(Reference!$HI$2:$HI$1000, MATCH(Builder!G6&"|"&"bedside_services", Reference!$HA$2:$HA$1000, 0)), 0) -> 5090 | E47: =IFERROR(INDEX(Reference!$HJ$2:$HJ$1000, MATCH(Builder!G6&"|"&"bedside_services", Reference!$HA$2:$HA$1000, 0)), 0) -> 6150
A48: IP Drugs | B48: =Builder!G5 -> Cash | C48: =IFERROR(INDEX(Reference!$HH$2:$HH$1000, MATCH(Builder!G5&"|"&"ip_drugs", Reference!$HA$2:$HA$1000, 0)), 0) -> 7802.505 | D48: =IFERROR(INDEX(Reference!$HI$2:$HI$1000, MATCH(Builder!G5&"|"&"ip_drugs", Reference!$HA$2:$HA$1000, 0)), 0) -> 9060.435 | E48: =IFERROR(INDEX(Reference!$HJ$2:$HJ$1000, MATCH(Builder!G5&"|"&"ip_drugs", Reference!$HA$2:$HA$1000, 0)), 0) -> 10629.097
A49: IP Drugs / Day | B49: =Builder!G5 -> Cash | C49: =IFERROR(INDEX(Reference!$HH$2:$HH$1000, MATCH(Builder!G5&"|"&"ip_drugs_per_day", Reference!$HA$2:$HA$1000, 0)), 0) -> 2380.9425 | D49: =IFERROR(INDEX(Reference!$HI$2:$HI$1000, MATCH(Builder!G5&"|"&"ip_drugs_per_day", Reference!$HA$2:$HA$1000, 0)), 0) -> 2855.32 | E49: =IFERROR(INDEX(Reference!$HJ$2:$HJ$1000, MATCH(Builder!G5&"|"&"ip_drugs_per_day", Reference!$HA$2:$HA$1000, 0)), 0) -> 3198.2575
A50: IP Consumables | B50: =Builder!G5 -> Cash | C50: =IFERROR(INDEX(Reference!$HH$2:$HH$1000, MATCH(Builder!G5&"|"&"ip_consumables", Reference!$HA$2:$HA$1000, 0)), 0) -> 9677.2125 | D50: =IFERROR(INDEX(Reference!$HI$2:$HI$1000, MATCH(Builder!G5&"|"&"ip_consumables", Reference!$HA$2:$HA$1000, 0)), 0) -> 10711.305 | E50: =IFERROR(INDEX(Reference!$HJ$2:$HJ$1000, MATCH(Builder!G5&"|"&"ip_consumables", Reference!$HA$2:$HA$1000, 0)), 0) -> 11936.618
A51: IP Consumables / Day | B51: =Builder!G5 -> Cash | C51: =IFERROR(INDEX(Reference!$HH$2:$HH$1000, MATCH(Builder!G5&"|"&"ip_consumables_per_day", Reference!$HA$2:$HA$1000, 0)), 0) -> 3059.7975 | D51: =IFERROR(INDEX(Reference!$HI$2:$HI$1000, MATCH(Builder!G5&"|"&"ip_consumables_per_day", Reference!$HA$2:$HA$1000, 0)), 0) -> 3428.83 | E51: =IFERROR(INDEX(Reference!$HJ$2:$HJ$1000, MATCH(Builder!G5&"|"&"ip_consumables_per_day", Reference!$HA$2:$HA$1000, 0)), 0) -> 3617.7125
A52: OT Drugs | B52: =Builder!G5 -> Cash | C52: =IFERROR(INDEX(Reference!$HH$2:$HH$1000, MATCH(Builder!G5&"|"&"ot_drugs", Reference!$HA$2:$HA$1000, 0)), 0) -> 8468.8525 | D52: =IFERROR(INDEX(Reference!$HI$2:$HI$1000, MATCH(Builder!G5&"|"&"ot_drugs", Reference!$HA$2:$HA$1000, 0)), 0) -> 9439.535 | E52: =IFERROR(INDEX(Reference!$HJ$2:$HJ$1000, MATCH(Builder!G5&"|"&"ot_drugs", Reference!$HA$2:$HA$1000, 0)), 0) -> 11143.7
A53: OT Consumables | B53: =Builder!G5 -> Cash | C53: =IFERROR(INDEX(Reference!$HH$2:$HH$1000, MATCH(Builder!G5&"|"&"ot_consumables", Reference!$HA$2:$HA$1000, 0)), 0) -> 66040.54 | D53: =IFERROR(INDEX(Reference!$HI$2:$HI$1000, MATCH(Builder!G5&"|"&"ot_consumables", Reference!$HA$2:$HA$1000, 0)), 0) -> 72382.9 | E53: =IFERROR(INDEX(Reference!$HJ$2:$HJ$1000, MATCH(Builder!G5&"|"&"ot_consumables", Reference!$HA$2:$HA$1000, 0)), 0) -> 107563.63
A54: Implants | B54: =Builder!G5 -> Cash | C54: =IFERROR(INDEX(Reference!$HH$2:$HH$1000, MATCH(Builder!G5&"|"&"implants", Reference!$HA$2:$HA$1000, 0)), 0) -> 89130.077 | D54: =IFERROR(INDEX(Reference!$HI$2:$HI$1000, MATCH(Builder!G5&"|"&"implants", Reference!$HA$2:$HA$1000, 0)), 0) -> 89130.16 | E54: =IFERROR(INDEX(Reference!$HJ$2:$HJ$1000, MATCH(Builder!G5&"|"&"implants", Reference!$HA$2:$HA$1000, 0)), 0) -> 98838.05
A55: Pharmacy Total | B55: =Builder!G5 -> Cash | C55: =IFERROR(INDEX(Reference!$HH$2:$HH$1000, MATCH(Builder!G5&"|"&"pharmacy_total", Reference!$HA$2:$HA$1000, 0)), 0) -> 182949.11 | D55: =IFERROR(INDEX(Reference!$HI$2:$HI$1000, MATCH(Builder!G5&"|"&"pharmacy_total", Reference!$HA$2:$HA$1000, 0)), 0) -> 189217.61 | E55: =IFERROR(INDEX(Reference!$HJ$2:$HJ$1000, MATCH(Builder!G5&"|"&"pharmacy_total", Reference!$HA$2:$HA$1000, 0)), 0) -> 231144.73
A56: Drug Administration Charges | B56: =Builder!G5 -> Cash | C56: =IFERROR(INDEX(Reference!$HH$2:$HH$1000, MATCH(Builder!G5&"|"&"drug_administration_charges", Reference!$HA$2:$HA$1000, 0)), 0) -> 22868.638 | D56: =IFERROR(INDEX(Reference!$HI$2:$HI$1000, MATCH(Builder!G5&"|"&"drug_administration_charges", Reference!$HA$2:$HA$1000, 0)), 0) -> 23652.2 | E56: =IFERROR(INDEX(Reference!$HJ$2:$HJ$1000, MATCH(Builder!G5&"|"&"drug_administration_charges", Reference!$HA$2:$HA$1000, 0)), 0) -> 28893.092
A57: Professional Fees | B57: =Builder!G7 -> Cash | C57: =IFERROR(INDEX(Reference!$HH$2:$HH$1000, MATCH(Builder!G7&"|"&"professional_fees", Reference!$HA$2:$HA$1000, 0)), 0) -> 96442 | D57: =IFERROR(INDEX(Reference!$HI$2:$HI$1000, MATCH(Builder!G7&"|"&"professional_fees", Reference!$HA$2:$HA$1000, 0)), 0) -> 98192 | E57: =IFERROR(INDEX(Reference!$HJ$2:$HJ$1000, MATCH(Builder!G7&"|"&"professional_fees", Reference!$HA$2:$HA$1000, 0)), 0) -> 99817
A58: Professional Fees (Historic Basis PF) | B58: =Builder!G7 -> Cash | C58: =IFERROR(INDEX(Reference!$FE$2:$FE$500, MATCH(Builder!G7, Reference!$FC$2:$FC$500, 0)), 0) -> 96442 | D58: =IFERROR(INDEX(Reference!$FF$2:$FF$500, MATCH(Builder!G7, Reference!$FC$2:$FC$500, 0)), 0) -> 98192 | E58: =IFERROR(INDEX(Reference!$FG$2:$FG$500, MATCH(Builder!G7, Reference!$FC$2:$FC$500, 0)), 0) -> 99817 | F58: Collectible historical PF reference from the selected PF payer basis.
A59: Total Amount ex F&B, Returns, plus Drug Admin | B59: =IF(AND(Builder!G5=Builder!G6,Builder!G6=Builder!G7),Builder!G6,"Component Mix") -> Cash | C59: =IF(AND(Builder!G5=Builder!G6,Builder!G6=Builder!G7),IFERROR(INDEX(Reference!$HH$2:$HH$1000, MATCH(Builder!G6&"|"&"total_amount_excluding_food_and_beverage_and_returns_plus_drug_admin", Reference!$HA$2:$HA$1000, 0)), 0),(IFERROR(INDEX(Reference!$HH$2:$HH$1000, MATCH(Builder!G6&"|"&"room_charges", Reference!$HA$2:$HA$1000, 0)), 0) + IFERROR(INDEX(Reference!$HH$2:$HH$1000, MATCH(Builder!G6&"|"&"investigations", Reference!$HA$2:$HA$1000, 0)), 0) + IFERROR(INDEX(Reference!$HH$2:$HH$1000, MATCH(Builder!G6&"|"&"procedure_ot_charges", Reference!$HA$2:$HA$1000, 0)), 0) + IFERROR(INDEX(Reference!$HH$2:$HH$1000, MATCH(Builder!G6&"|"&"bedside_services", Reference!$HA$2:$HA$1000, 0)), 0) + IFERROR(INDEX(Reference!$HH$2:$HH$1000, MATCH(Builder!G5&"|"&"pharmacy_total", Reference!$HA$2:$HA$1000, 0)), 0) + IFERROR(INDEX(Reference!$HH$2:$HH$1000, MATCH(Builder!G5&"|"&"drug_administration_charges", Reference!$HA$2:$HA$1000, 0)), 0) + IFERROR(INDEX(Reference!$HH$2:$HH$1000, MATCH(Builder!G7&"|"&"professional_fees", Reference!$HA$2:$HA$1000, 0)), 0))) -> 520489.65 | D59: =IF(AND(Builder!G5=Builder!G6,Builder!G6=Builder!G7),IFERROR(INDEX(Reference!$HI$2:$HI$1000, MATCH(Builder!G6&"|"&"total_amount_excluding_food_and_beverage_and_returns_plus_drug_admin", Reference!$HA$2:$HA$1000, 0)), 0),(IFERROR(INDEX(Reference!$HI$2:$HI$1000, MATCH(Builder!G6&"|"&"room_charges", Reference!$HA$2:$HA$1000, 0)), 0) + IFERROR(INDEX(Reference!$HI$2:$HI$1000, MATCH(Builder!G6&"|"&"investigations", Reference!$HA$2:$HA$1000, 0)), 0) + IFERROR(INDEX(Reference!$HI$2:$HI$1000, MATCH(Builder!G6&"|"&"procedure_ot_charges", Reference!$HA$2:$HA$1000, 0)), 0) + IFERROR(INDEX(Reference!$HI$2:$HI$1000, MATCH(Builder!G6&"|"&"bedside_services", Reference!$HA$2:$HA$1000, 0)), 0) + IFERROR(INDEX(Reference!$HI$2:$HI$1000, MATCH(Builder!G5&"|"&"pharmacy_total", Reference!$HA$2:$HA$1000, 0)), 0) + IFERROR(INDEX(Reference!$HI$2:$HI$1000, MATCH(Builder!G5&"|"&"drug_administration_charges", Reference!$HA$2:$HA$1000, 0)), 0) + IFERROR(INDEX(Reference!$HI$2:$HI$1000, MATCH(Builder!G7&"|"&"professional_fees", Reference!$HA$2:$HA$1000, 0)), 0))) -> 539491.34 | E59: =IF(AND(Builder!G5=Builder!G6,Builder!G6=Builder!G7),IFERROR(INDEX(Reference!$HJ$2:$HJ$1000, MATCH(Builder!G6&"|"&"total_amount_excluding_food_and_beverage_and_returns_plus_drug_admin", Reference!$HA$2:$HA$1000, 0)), 0),(IFERROR(INDEX(Reference!$HJ$2:$HJ$1000, MATCH(Builder!G6&"|"&"room_charges", Reference!$HA$2:$HA$1000, 0)), 0) + IFERROR(INDEX(Reference!$HJ$2:$HJ$1000, MATCH(Builder!G6&"|"&"investigations", Reference!$HA$2:$HA$1000, 0)), 0) + IFERROR(INDEX(Reference!$HJ$2:$HJ$1000, MATCH(Builder!G6&"|"&"procedure_ot_charges", Reference!$HA$2:$HA$1000, 0)), 0) + IFERROR(INDEX(Reference!$HJ$2:$HJ$1000, MATCH(Builder!G6&"|"&"bedside_services", Reference!$HA$2:$HA$1000, 0)), 0) + IFERROR(INDEX(Reference!$HJ$2:$HJ$1000, MATCH(Builder!G5&"|"&"pharmacy_total", Reference!$HA$2:$HA$1000, 0)), 0) + IFERROR(INDEX(Reference!$HJ$2:$HJ$1000, MATCH(Builder!G5&"|"&"drug_administration_charges", Reference!$HA$2:$HA$1000, 0)), 0) + IFERROR(INDEX(Reference!$HJ$2:$HJ$1000, MATCH(Builder!G7&"|"&"professional_fees", Reference!$HA$2:$HA$1000, 0)), 0))) -> 596680.13 | F59: Component-mix comparator when auto basis differs across service, pharmacy, and PF.

Sheet Estimate vs IP FC Actuals
A1: Estimate vs IP FC Actuals
A2: Compares the current estimate against basis-aligned historical actuals. Service buckets use the resolved service basis, pharmacy and drug administration use the resolved pharmacy basis, and professional fees use the resolved PF basis.
A4: Metric | B4: Comparison Basis | C4: Selected Estimate | D4: Actual P25 | E4: Actual P50 | F4: Actual P75 | G4: Delta vs P25 | H4: Delta vs P50 | I4: Delta vs P75 | J4: Status
A5: Room Charges | B5: =Builder!G6 -> Cash | C5: ='Estimate Summary'!B13 -> 45280 | D5: =IFERROR(INDEX(Reference!$HH$2:$HH$1000, MATCH(Builder!G6&"|"&"room_charges", Reference!$HA$2:$HA$1000, 0)), 0) -> 41910 | E5: =IFERROR(INDEX(Reference!$HI$2:$HI$1000, MATCH(Builder!G6&"|"&"room_charges", Reference!$HA$2:$HA$1000, 0)), 0) -> 45064 | F5: =IFERROR(INDEX(Reference!$HJ$2:$HJ$1000, MATCH(Builder!G6&"|"&"room_charges", Reference!$HA$2:$HA$1000, 0)), 0) -> 54051 | G5: =C5-D5 -> 3370 | H5: =C5-E5 -> 216 | I5: =C5-F5 -> -8771 | J5: =IF(AND(OR(C5<D5,C5>F5),ABS(H5)>MAX(5000,0.2*MAX(E5,1))),"Material Gap",IF(C5<D5,"Below Range",IF(C5>F5,"Above Range","Within Range"))) -> Within Range
A6: Investigations | B6: =Builder!G6 -> Cash | C6: ='Estimate Summary'!B14 -> 14940 | D6: =IFERROR(INDEX(Reference!$HH$2:$HH$1000, MATCH(Builder!G6&"|"&"investigations", Reference!$HA$2:$HA$1000, 0)), 0) -> 9027.5 | E6: =IFERROR(INDEX(Reference!$HI$2:$HI$1000, MATCH(Builder!G6&"|"&"investigations", Reference!$HA$2:$HA$1000, 0)), 0) -> 15370 | F6: =IFERROR(INDEX(Reference!$HJ$2:$HJ$1000, MATCH(Builder!G6&"|"&"investigations", Reference!$HA$2:$HA$1000, 0)), 0) -> 18402.5 | G6: =C6-D6 -> 5912.5 | H6: =C6-E6 -> -430 | I6: =C6-F6 -> -3462.5 | J6: =IF(AND(OR(C6<D6,C6>F6),ABS(H6)>MAX(5000,0.2*MAX(E6,1))),"Material Gap",IF(C6<D6,"Below Range",IF(C6>F6,"Above Range","Within Range"))) -> Within Range
A7: Procedure / OT Charges | B7: =Builder!G6 -> Cash | C7: ='Estimate Summary'!B15 -> 158660 | D7: =IFERROR(INDEX(Reference!$HH$2:$HH$1000, MATCH(Builder!G6&"|"&"procedure_ot_charges", Reference!$HA$2:$HA$1000, 0)), 0) -> 154880 | E7: =IFERROR(INDEX(Reference!$HI$2:$HI$1000, MATCH(Builder!G6&"|"&"procedure_ot_charges", Reference!$HA$2:$HA$1000, 0)), 0) -> 159090 | F7: =IFERROR(INDEX(Reference!$HJ$2:$HJ$1000, MATCH(Builder!G6&"|"&"procedure_ot_charges", Reference!$HA$2:$HA$1000, 0)), 0) -> 160140 | G7: =C7-D7 -> 3780 | H7: =C7-E7 -> -430 | I7: =C7-F7 -> -1480 | J7: =IF(AND(OR(C7<D7,C7>F7),ABS(H7)>MAX(5000,0.2*MAX(E7,1))),"Material Gap",IF(C7<D7,"Below Range",IF(C7>F7,"Above Range","Within Range"))) -> Within Range
A8: Bedside Services | B8: =Builder!G6 -> Cash | C8: ='Estimate Summary'!B16 -> 5200 | D8: =IFERROR(INDEX(Reference!$HH$2:$HH$1000, MATCH(Builder!G6&"|"&"bedside_services", Reference!$HA$2:$HA$1000, 0)), 0) -> 4050 | E8: =IFERROR(INDEX(Reference!$HI$2:$HI$1000, MATCH(Builder!G6&"|"&"bedside_services", Reference!$HA$2:$HA$1000, 0)), 0) -> 5090 | F8: =IFERROR(INDEX(Reference!$HJ$2:$HJ$1000, MATCH(Builder!G6&"|"&"bedside_services", Reference!$HA$2:$HA$1000, 0)), 0) -> 6150 | G8: =C8-D8 -> 1150 | H8: =C8-E8 -> 110 | I8: =C8-F8 -> -950 | J8: =IF(AND(OR(C8<D8,C8>F8),ABS(H8)>MAX(5000,0.2*MAX(E8,1))),"Material Gap",IF(C8<D8,"Below Range",IF(C8>F8,"Above Range","Within Range"))) -> Within Range
A9: Pharmacy Total | B9: =Builder!G5 -> Cash | C9: ='Estimate Summary'!B17 -> 189805.04 | D9: =IFERROR(INDEX(Reference!$HH$2:$HH$1000, MATCH(Builder!G5&"|"&"pharmacy_total", Reference!$HA$2:$HA$1000, 0)), 0) -> 182949.11 | E9: =IFERROR(INDEX(Reference!$HI$2:$HI$1000, MATCH(Builder!G5&"|"&"pharmacy_total", Reference!$HA$2:$HA$1000, 0)), 0) -> 189217.61 | F9: =IFERROR(INDEX(Reference!$HJ$2:$HJ$1000, MATCH(Builder!G5&"|"&"pharmacy_total", Reference!$HA$2:$HA$1000, 0)), 0) -> 231144.73 | G9: =C9-D9 -> 6855.9312 | H9: =C9-E9 -> 587.43125 | I9: =C9-F9 -> -41339.696 | J9: =IF(AND(OR(C9<D9,C9>F9),ABS(H9)>MAX(5000,0.2*MAX(E9,1))),"Material Gap",IF(C9<D9,"Below Range",IF(C9>F9,"Above Range","Within Range"))) -> Within Range
A10: IP Drugs | B10: =Builder!G5 -> Cash | C10: =IF(Builder!B4="General",SUMIF('Line Item Detail'!$A$2:$A$73,"IP Drugs & Medications",'Line Item Detail'!$W$2:$W$73),IF(Builder!B4="Twin",SUMIF('Line Item Detail'!$A$2:$A$73,"IP Drugs & Medications",'Line Item Detail'!$X$2:$X$73),SUMIF('Line Item Detail'!$A$2:$A$73,"IP Drugs & Medications",'Line Item Detail'!$Y$2:$Y$73))) -> 8565.9562 | D10: =IFERROR(INDEX(Reference!$HH$2:$HH$1000, MATCH(Builder!G5&"|"&"ip_drugs", Reference!$HA$2:$HA$1000, 0)), 0) -> 7802.505 | E10: =IFERROR(INDEX(Reference!$HI$2:$HI$1000, MATCH(Builder!G5&"|"&"ip_drugs", Reference!$HA$2:$HA$1000, 0)), 0) -> 9060.435 | F10: =IFERROR(INDEX(Reference!$HJ$2:$HJ$1000, MATCH(Builder!G5&"|"&"ip_drugs", Reference!$HA$2:$HA$1000, 0)), 0) -> 10629.097 | G10: =C10-D10 -> 763.45125 | H10: =C10-E10 -> -494.47875 | I10: =C10-F10 -> -2063.1413 | J10: =IF(AND(OR(C10<D10,C10>F10),ABS(H10)>MAX(5000,0.2*MAX(E10,1))),"Material Gap",IF(C10<D10,"Below Range",IF(C10>F10,"Above Range","Within Range"))) -> Within Range
A11: IP Drugs / Day | B11: =Builder!G5 -> Cash | C11: =IF(Builder!G10<=0,0,(IF(Builder!B4="General",SUMIF('Line Item Detail'!$A$2:$A$73,"IP Drugs & Medications",'Line Item Detail'!$W$2:$W$73),IF(Builder!B4="Twin",SUMIF('Line Item Detail'!$A$2:$A$73,"IP Drugs & Medications",'Line Item Detail'!$X$2:$X$73),SUMIF('Line Item Detail'!$A$2:$A$73,"IP Drugs & Medications",'Line Item Detail'!$Y$2:$Y$73))))/Builder!G10) -> 2855.3187 | D11: =IFERROR(INDEX(Reference!$HH$2:$HH$1000, MATCH(Builder!G5&"|"&"ip_drugs_per_day", Reference!$HA$2:$HA$1000, 0)), 0) -> 2380.9425 | E11: =IFERROR(INDEX(Reference!$HI$2:$HI$1000, MATCH(Builder!G5&"|"&"ip_drugs_per_day", Reference!$HA$2:$HA$1000, 0)), 0) -> 2855.32 | F11: =IFERROR(INDEX(Reference!$HJ$2:$HJ$1000, MATCH(Builder!G5&"|"&"ip_drugs_per_day", Reference!$HA$2:$HA$1000, 0)), 0) -> 3198.2575 | G11: =C11-D11 -> 474.37625 | H11: =C11-E11 -> -0.00125 | I11: =C11-F11 -> -342.93875 | J11: =IF(AND(OR(C11<D11,C11>F11),ABS(H11)>MAX(5000,0.2*MAX(E11,1))),"Material Gap",IF(C11<D11,"Below Range",IF(C11>F11,"Above Range","Within Range"))) -> Within Range
A12: IP Consumables | B12: =Builder!G5 -> Cash | C12: =IF(Builder!B4="General",SUMIF('Line Item Detail'!$A$2:$A$73,"IP Consumables",'Line Item Detail'!$W$2:$W$73),IF(Builder!B4="Twin",SUMIF('Line Item Detail'!$A$2:$A$73,"IP Consumables",'Line Item Detail'!$X$2:$X$73),SUMIF('Line Item Detail'!$A$2:$A$73,"IP Consumables",'Line Item Detail'!$Y$2:$Y$73))) -> 10286.485 | D12: =IFERROR(INDEX(Reference!$HH$2:$HH$1000, MATCH(Builder!G5&"|"&"ip_consumables", Reference!$HA$2:$HA$1000, 0)), 0) -> 9677.2125 | E12: =IFERROR(INDEX(Reference!$HI$2:$HI$1000, MATCH(Builder!G5&"|"&"ip_consumables", Reference!$HA$2:$HA$1000, 0)), 0) -> 10711.305 | F12: =IFERROR(INDEX(Reference!$HJ$2:$HJ$1000, MATCH(Builder!G5&"|"&"ip_consumables", Reference!$HA$2:$HA$1000, 0)), 0) -> 11936.618 | G12: =C12-D12 -> 609.2725 | H12: =C12-E12 -> -424.82 | I12: =C12-F12 -> -1650.1325 | J12: =IF(AND(OR(C12<D12,C12>F12),ABS(H12)>MAX(5000,0.2*MAX(E12,1))),"Material Gap",IF(C12<D12,"Below Range",IF(C12>F12,"Above Range","Within Range"))) -> Within Range
A13: IP Consumables / Day | B13: =Builder!G5 -> Cash | C13: =IF(Builder!G10<=0,0,(IF(Builder!B4="General",SUMIF('Line Item Detail'!$A$2:$A$73,"IP Consumables",'Line Item Detail'!$W$2:$W$73),IF(Builder!B4="Twin",SUMIF('Line Item Detail'!$A$2:$A$73,"IP Consumables",'Line Item Detail'!$X$2:$X$73),SUMIF('Line Item Detail'!$A$2:$A$73,"IP Consumables",'Line Item Detail'!$Y$2:$Y$73))))/Builder!G10) -> 3428.8283 | D13: =IFERROR(INDEX(Reference!$HH$2:$HH$1000, MATCH(Builder!G5&"|"&"ip_consumables_per_day", Reference!$HA$2:$HA$1000, 0)), 0) -> 3059.7975 | E13: =IFERROR(INDEX(Reference!$HI$2:$HI$1000, MATCH(Builder!G5&"|"&"ip_consumables_per_day", Reference!$HA$2:$HA$1000, 0)), 0) -> 3428.83 | F13: =IFERROR(INDEX(Reference!$HJ$2:$HJ$1000, MATCH(Builder!G5&"|"&"ip_consumables_per_day", Reference!$HA$2:$HA$1000, 0)), 0) -> 3617.7125 | G13: =C13-D13 -> 369.03083 | H13: =C13-E13 -> -0.0016666667 | I13: =C13-F13 -> -188.88417 | J13: =IF(AND(OR(C13<D13,C13>F13),ABS(H13)>MAX(5000,0.2*MAX(E13,1))),"Material Gap",IF(C13<D13,"Below Range",IF(C13>F13,"Above Range","Within Range"))) -> Within Range
A14: OT Drugs | B14: =Builder!G5 -> Cash | C14: =IF(Builder!B4="General",SUMIF('Line Item Detail'!$A$2:$A$73,"OT Drugs & Medications",'Line Item Detail'!$W$2:$W$73),IF(Builder!B4="Twin",SUMIF('Line Item Detail'!$A$2:$A$73,"OT Drugs & Medications",'Line Item Detail'!$X$2:$X$73),SUMIF('Line Item Detail'!$A$2:$A$73,"OT Drugs & Medications",'Line Item Detail'!$Y$2:$Y$73))) -> 9439.535 | D14: =IFERROR(INDEX(Reference!$HH$2:$HH$1000, MATCH(Builder!G5&"|"&"ot_drugs", Reference!$HA$2:$HA$1000, 0)), 0) -> 8468.8525 | E14: =IFERROR(INDEX(Reference!$HI$2:$HI$1000, MATCH(Builder!G5&"|"&"ot_drugs", Reference!$HA$2:$HA$1000, 0)), 0) -> 9439.535 | F14: =IFERROR(INDEX(Reference!$HJ$2:$HJ$1000, MATCH(Builder!G5&"|"&"ot_drugs", Reference!$HA$2:$HA$1000, 0)), 0) -> 11143.7 | G14: =C14-D14 -> 970.6825 | H14: =C14-E14 -> 0 | I14: =C14-F14 -> -1704.165 | J14: =IF(AND(OR(C14<D14,C14>F14),ABS(H14)>MAX(5000,0.2*MAX(E14,1))),"Material Gap",IF(C14<D14,"Below Range",IF(C14>F14,"Above Range","Within Range"))) -> Within Range
A15: OT Consumables | B15: =Builder!G5 -> Cash | C15: =IF(Builder!B4="General",SUMIF('Line Item Detail'!$A$2:$A$73,"OT Consumables",'Line Item Detail'!$W$2:$W$73),IF(Builder!B4="Twin",SUMIF('Line Item Detail'!$A$2:$A$73,"OT Consumables",'Line Item Detail'!$X$2:$X$73),SUMIF('Line Item Detail'!$A$2:$A$73,"OT Consumables",'Line Item Detail'!$Y$2:$Y$73))) -> 72382.9 | D15: =IFERROR(INDEX(Reference!$HH$2:$HH$1000, MATCH(Builder!G5&"|"&"ot_consumables", Reference!$HA$2:$HA$1000, 0)), 0) -> 66040.54 | E15: =IFERROR(INDEX(Reference!$HI$2:$HI$1000, MATCH(Builder!G5&"|"&"ot_consumables", Reference!$HA$2:$HA$1000, 0)), 0) -> 72382.9 | F15: =IFERROR(INDEX(Reference!$HJ$2:$HJ$1000, MATCH(Builder!G5&"|"&"ot_consumables", Reference!$HA$2:$HA$1000, 0)), 0) -> 107563.63 | G15: =C15-D15 -> 6342.36 | H15: =C15-E15 -> 0 | I15: =C15-F15 -> -35180.73 | J15: =IF(AND(OR(C15<D15,C15>F15),ABS(H15)>MAX(5000,0.2*MAX(E15,1))),"Material Gap",IF(C15<D15,"Below Range",IF(C15>F15,"Above Range","Within Range"))) -> Within Range
A16: Implants | B16: =Builder!G5 -> Cash | C16: =IF(Builder!B4="General",SUMIF('Line Item Detail'!$A$2:$A$73,"Implants",'Line Item Detail'!$W$2:$W$73),IF(Builder!B4="Twin",SUMIF('Line Item Detail'!$A$2:$A$73,"Implants",'Line Item Detail'!$X$2:$X$73),SUMIF('Line Item Detail'!$A$2:$A$73,"Implants",'Line Item Detail'!$Y$2:$Y$73))) -> 89130.16 | D16: =IFERROR(INDEX(Reference!$HH$2:$HH$1000, MATCH(Builder!G5&"|"&"implants", Reference!$HA$2:$HA$1000, 0)), 0) -> 89130.077 | E16: =IFERROR(INDEX(Reference!$HI$2:$HI$1000, MATCH(Builder!G5&"|"&"implants", Reference!$HA$2:$HA$1000, 0)), 0) -> 89130.16 | F16: =IFERROR(INDEX(Reference!$HJ$2:$HJ$1000, MATCH(Builder!G5&"|"&"implants", Reference!$HA$2:$HA$1000, 0)), 0) -> 98838.05 | G16: =C16-D16 -> 0.0825 | H16: =C16-E16 -> 0 | I16: =C16-F16 -> -9707.89 | J16: =IF(AND(OR(C16<D16,C16>F16),ABS(H16)>MAX(5000,0.2*MAX(E16,1))),"Material Gap",IF(C16<D16,"Below Range",IF(C16>F16,"Above Range","Within Range"))) -> Within Range
A17: Drug Administration Charges | B17: =Builder!G5 -> Cash | C17: ='Estimate Summary'!B18 -> 23725.63 | D17: =IFERROR(INDEX(Reference!$HH$2:$HH$1000, MATCH(Builder!G5&"|"&"drug_administration_charges", Reference!$HA$2:$HA$1000, 0)), 0) -> 22868.638 | E17: =IFERROR(INDEX(Reference!$HI$2:$HI$1000, MATCH(Builder!G5&"|"&"drug_administration_charges", Reference!$HA$2:$HA$1000, 0)), 0) -> 23652.2 | F17: =IFERROR(INDEX(Reference!$HJ$2:$HJ$1000, MATCH(Builder!G5&"|"&"drug_administration_charges", Reference!$HA$2:$HA$1000, 0)), 0) -> 28893.092 | G17: =C17-D17 -> 856.99203 | H17: =C17-E17 -> 73.429531 | I17: =C17-F17 -> -5167.463 | J17: =IF(AND(OR(C17<D17,C17>F17),ABS(H17)>MAX(5000,0.2*MAX(E17,1))),"Material Gap",IF(C17<D17,"Below Range",IF(C17>F17,"Above Range","Within Range"))) -> Within Range
A18: Professional Fees (Calculated) | B18: =Builder!G7 -> Cash | C18: ='Estimate Summary'!B19 -> 160001.4 | D18: =IFERROR(INDEX(Reference!$HH$2:$HH$1000, MATCH(Builder!G7&"|"&"professional_fees", Reference!$HA$2:$HA$1000, 0)), 0) -> 96442 | E18: =IFERROR(INDEX(Reference!$HI$2:$HI$1000, MATCH(Builder!G7&"|"&"professional_fees", Reference!$HA$2:$HA$1000, 0)), 0) -> 98192 | F18: =IFERROR(INDEX(Reference!$HJ$2:$HJ$1000, MATCH(Builder!G7&"|"&"professional_fees", Reference!$HA$2:$HA$1000, 0)), 0) -> 99817 | G18: =C18-D18 -> 63559.4 | H18: =C18-E18 -> 61809.4 | I18: =C18-F18 -> 60184.4 | J18: =IF(AND(OR(C18<D18,C18>F18),ABS(H18)>MAX(5000,0.2*MAX(E18,1))),"Material Gap",IF(C18<D18,"Below Range",IF(C18>F18,"Above Range","Within Range"))) -> Material Gap
A19: Professional Fees (Historic Basis P50) | B19: =Builder!G7 -> Cash | C19: ='Estimate Summary'!B22 -> 98192 | D19: =IFERROR(INDEX(Reference!$FE$2:$FE$500, MATCH(Builder!G7, Reference!$FC$2:$FC$500, 0)), 0) -> 96442 | E19: =IFERROR(INDEX(Reference!$FF$2:$FF$500, MATCH(Builder!G7, Reference!$FC$2:$FC$500, 0)), 0) -> 98192 | F19: =IFERROR(INDEX(Reference!$FG$2:$FG$500, MATCH(Builder!G7, Reference!$FC$2:$FC$500, 0)), 0) -> 99817 | G19: =C19-D19 -> 1750 | H19: =C19-E19 -> 0 | I19: =C19-F19 -> -1625 | J19: =IF(AND(OR(C19<D19,C19>F19),ABS(H19)>MAX(5000,0.2*MAX(E19,1))),"Material Gap",IF(C19<D19,"Below Range",IF(C19>F19,"Above Range","Within Range"))) -> Within Range
A20: Grand Total (Calculated PF) | B20: =IF(AND(Builder!G5=Builder!G6,Builder!G6=Builder!G7),Builder!G6,"Component Mix") -> Cash | C20: ='Estimate Summary'!B21 -> 597612.07 | D20: =IF(AND(Builder!G5=Builder!G6,Builder!G6=Builder!G7),IFERROR(INDEX(Reference!$HH$2:$HH$1000, MATCH(Builder!G6&"|"&"total_amount_excluding_food_and_beverage_and_returns_plus_drug_admin", Reference!$HA$2:$HA$1000, 0)), 0),(IFERROR(INDEX(Reference!$HH$2:$HH$1000, MATCH(Builder!G6&"|"&"room_charges", Reference!$HA$2:$HA$1000, 0)), 0) + IFERROR(INDEX(Reference!$HH$2:$HH$1000, MATCH(Builder!G6&"|"&"investigations", Reference!$HA$2:$HA$1000, 0)), 0) + IFERROR(INDEX(Reference!$HH$2:$HH$1000, MATCH(Builder!G6&"|"&"procedure_ot_charges", Reference!$HA$2:$HA$1000, 0)), 0) + IFERROR(INDEX(Reference!$HH$2:$HH$1000, MATCH(Builder!G6&"|"&"bedside_services", Reference!$HA$2:$HA$1000, 0)), 0) + IFERROR(INDEX(Reference!$HH$2:$HH$1000, MATCH(Builder!G5&"|"&"pharmacy_total", Reference!$HA$2:$HA$1000, 0)), 0) + IFERROR(INDEX(Reference!$HH$2:$HH$1000, MATCH(Builder!G5&"|"&"drug_administration_charges", Reference!$HA$2:$HA$1000, 0)), 0) + IFERROR(INDEX(Reference!$HH$2:$HH$1000, MATCH(Builder!G7&"|"&"professional_fees", Reference!$HA$2:$HA$1000, 0)), 0))) -> 520489.65 | E20: =IF(AND(Builder!G5=Builder!G6,Builder!G6=Builder!G7),IFERROR(INDEX(Reference!$HI$2:$HI$1000, MATCH(Builder!G6&"|"&"total_amount_excluding_food_and_beverage_and_returns_plus_drug_admin", Reference!$HA$2:$HA$1000, 0)), 0),(IFERROR(INDEX(Reference!$HI$2:$HI$1000, MATCH(Builder!G6&"|"&"room_charges", Reference!$HA$2:$HA$1000, 0)), 0) + IFERROR(INDEX(Reference!$HI$2:$HI$1000, MATCH(Builder!G6&"|"&"investigations", Reference!$HA$2:$HA$1000, 0)), 0) + IFERROR(INDEX(Reference!$HI$2:$HI$1000, MATCH(Builder!G6&"|"&"procedure_ot_charges", Reference!$HA$2:$HA$1000, 0)), 0) + IFERROR(INDEX(Reference!$HI$2:$HI$1000, MATCH(Builder!G6&"|"&"bedside_services", Reference!$HA$2:$HA$1000, 0)), 0) + IFERROR(INDEX(Reference!$HI$2:$HI$1000, MATCH(Builder!G5&"|"&"pharmacy_total", Reference!$HA$2:$HA$1000, 0)), 0) + IFERROR(INDEX(Reference!$HI$2:$HI$1000, MATCH(Builder!G5&"|"&"drug_administration_charges", Reference!$HA$2:$HA$1000, 0)), 0) + IFERROR(INDEX(Reference!$HI$2:$HI$1000, MATCH(Builder!G7&"|"&"professional_fees", Reference!$HA$2:$HA$1000, 0)), 0))) -> 539491.34 | F20: =IF(AND(Builder!G5=Builder!G6,Builder!G6=Builder!G7),IFERROR(INDEX(Reference!$HJ$2:$HJ$1000, MATCH(Builder!G6&"|"&"total_amount_excluding_food_and_beverage_and_returns_plus_drug_admin", Reference!$HA$2:$HA$1000, 0)), 0),(IFERROR(INDEX(Reference!$HJ$2:$HJ$1000, MATCH(Builder!G6&"|"&"room_charges", Reference!$HA$2:$HA$1000, 0)), 0) + IFERROR(INDEX(Reference!$HJ$2:$HJ$1000, MATCH(Builder!G6&"|"&"investigations", Reference!$HA$2:$HA$1000, 0)), 0) + IFERROR(INDEX(Reference!$HJ$2:$HJ$1000, MATCH(Builder!G6&"|"&"procedure_ot_charges", Reference!$HA$2:$HA$1000, 0)), 0) + IFERROR(INDEX(Reference!$HJ$2:$HJ$1000, MATCH(Builder!G6&"|"&"bedside_services", Reference!$HA$2:$HA$1000, 0)), 0) + IFERROR(INDEX(Reference!$HJ$2:$HJ$1000, MATCH(Builder!G5&"|"&"pharmacy_total", Reference!$HA$2:$HA$1000, 0)), 0) + IFERROR(INDEX(Reference!$HJ$2:$HJ$1000, MATCH(Builder!G5&"|"&"drug_administration_charges", Reference!$HA$2:$HA$1000, 0)), 0) + IFERROR(INDEX(Reference!$HJ$2:$HJ$1000, MATCH(Builder!G7&"|"&"professional_fees", Reference!$HA$2:$HA$1000, 0)), 0))) -> 596680.13 | G20: =C20-D20 -> 77122.413 | H20: =C20-E20 -> 58120.725 | I20: =C20-F20 -> 931.93796 | J20: =IF(AND(OR(C20<D20,C20>F20),ABS(H20)>MAX(5000,0.2*MAX(E20,1))),"Material Gap",IF(C20<D20,"Below Range",IF(C20>F20,"Above Range","Within Range"))) -> Above Range
A21: Grand Total (Historic PF) | B21: =IF(AND(Builder!G5=Builder!G6,Builder!G6=Builder!G7),Builder!G6,"Component Mix + Historic PF") -> Cash | C21: ='Estimate Summary'!B23 -> 535802.67 | D21: =(IFERROR(INDEX(Reference!$HH$2:$HH$1000, MATCH(Builder!G6&"|"&"room_charges", Reference!$HA$2:$HA$1000, 0)), 0) + IFERROR(INDEX(Reference!$HH$2:$HH$1000, MATCH(Builder!G6&"|"&"investigations", Reference!$HA$2:$HA$1000, 0)), 0) + IFERROR(INDEX(Reference!$HH$2:$HH$1000, MATCH(Builder!G6&"|"&"procedure_ot_charges", Reference!$HA$2:$HA$1000, 0)), 0) + IFERROR(INDEX(Reference!$HH$2:$HH$1000, MATCH(Builder!G6&"|"&"bedside_services", Reference!$HA$2:$HA$1000, 0)), 0) + IFERROR(INDEX(Reference!$HH$2:$HH$1000, MATCH(Builder!G5&"|"&"pharmacy_total", Reference!$HA$2:$HA$1000, 0)), 0) + IFERROR(INDEX(Reference!$HH$2:$HH$1000, MATCH(Builder!G5&"|"&"drug_administration_charges", Reference!$HA$2:$HA$1000, 0)), 0) + IFERROR(INDEX(Reference!$FE$2:$FE$500, MATCH(Builder!G7, Reference!$FC$2:$FC$500, 0)), 0)) -> 512127.24 | E21: =(IFERROR(INDEX(Reference!$HI$2:$HI$1000, MATCH(Builder!G6&"|"&"room_charges", Reference!$HA$2:$HA$1000, 0)), 0) + IFERROR(INDEX(Reference!$HI$2:$HI$1000, MATCH(Builder!G6&"|"&"investigations", Reference!$HA$2:$HA$1000, 0)), 0) + IFERROR(INDEX(Reference!$HI$2:$HI$1000, MATCH(Builder!G6&"|"&"procedure_ot_charges", Reference!$HA$2:$HA$1000, 0)), 0) + IFERROR(INDEX(Reference!$HI$2:$HI$1000, MATCH(Builder!G6&"|"&"bedside_services", Reference!$HA$2:$HA$1000, 0)), 0) + IFERROR(INDEX(Reference!$HI$2:$HI$1000, MATCH(Builder!G5&"|"&"pharmacy_total", Reference!$HA$2:$HA$1000, 0)), 0) + IFERROR(INDEX(Reference!$HI$2:$HI$1000, MATCH(Builder!G5&"|"&"drug_administration_charges", Reference!$HA$2:$HA$1000, 0)), 0) + IFERROR(INDEX(Reference!$FF$2:$FF$500, MATCH(Builder!G7, Reference!$FC$2:$FC$500, 0)), 0)) -> 535675.81 | F21: =(IFERROR(INDEX(Reference!$HJ$2:$HJ$1000, MATCH(Builder!G6&"|"&"room_charges", Reference!$HA$2:$HA$1000, 0)), 0) + IFERROR(INDEX(Reference!$HJ$2:$HJ$1000, MATCH(Builder!G6&"|"&"investigations", Reference!$HA$2:$HA$1000, 0)), 0) + IFERROR(INDEX(Reference!$HJ$2:$HJ$1000, MATCH(Builder!G6&"|"&"procedure_ot_charges", Reference!$HA$2:$HA$1000, 0)), 0) + IFERROR(INDEX(Reference!$HJ$2:$HJ$1000, MATCH(Builder!G6&"|"&"bedside_services", Reference!$HA$2:$HA$1000, 0)), 0) + IFERROR(INDEX(Reference!$HJ$2:$HJ$1000, MATCH(Builder!G5&"|"&"pharmacy_total", Reference!$HA$2:$HA$1000, 0)), 0) + IFERROR(INDEX(Reference!$HJ$2:$HJ$1000, MATCH(Builder!G5&"|"&"drug_administration_charges", Reference!$HA$2:$HA$1000, 0)), 0) + IFERROR(INDEX(Reference!$FG$2:$FG$500, MATCH(Builder!G7, Reference!$FC$2:$FC$500, 0)), 0)) -> 598598.32 | G21: =C21-D21 -> 23675.423 | H21: =C21-E21 -> 126.86078 | I21: =C21-F21 -> -62795.659 | J21: =IF(AND(OR(C21<D21,C21>F21),ABS(H21)>MAX(5000,0.2*MAX(E21,1))),"Material Gap",IF(C21<D21,"Below Range",IF(C21>F21,"Above Range","Within Range"))) -> Within Range
A24: Driver | B24: Basis | C24: Selected | D24: Actual P25 | E24: Actual P50 | F24: Actual P75 | G24: Status
A25: LOS | B25: =Builder!G6 -> Cash | C25: =Builder!G10 -> 3 | D25: =IFERROR(INDEX(Reference!$HH$2:$HH$1000, MATCH(Builder!G6&"|"&"los_days", Reference!$HA$2:$HA$1000, 0)), 0) -> 3 | E25: =IFERROR(INDEX(Reference!$HI$2:$HI$1000, MATCH(Builder!G6&"|"&"los_days", Reference!$HA$2:$HA$1000, 0)), 0) -> 3 | F25: =IFERROR(INDEX(Reference!$HJ$2:$HJ$1000, MATCH(Builder!G6&"|"&"los_days", Reference!$HA$2:$HA$1000, 0)), 0) -> 3.75 | G25: =IF(C25<D25,"Below Range",IF(C25>F25,"Above Range","Within Range")) -> Within Range
A26: ICU Days | B26: =Builder!G6 -> Cash | C26: =Builder!G11 -> 2 | D26: =IFERROR(INDEX(Reference!$HH$2:$HH$1000, MATCH(Builder!G6&"|"&"icu_days", Reference!$HA$2:$HA$1000, 0)), 0) -> 2 | E26: =IFERROR(INDEX(Reference!$HI$2:$HI$1000, MATCH(Builder!G6&"|"&"icu_days", Reference!$HA$2:$HA$1000, 0)), 0) -> 2 | F26: =IFERROR(INDEX(Reference!$HJ$2:$HJ$1000, MATCH(Builder!G6&"|"&"icu_days", Reference!$HA$2:$HA$1000, 0)), 0) -> 3 | G26: =IF(C26<D26,"Below Range",IF(C26>F26,"Above Range","Within Range")) -> Within Range
A27: Ward Days | B27: =Builder!G6 -> Cash | C27: =Builder!G12 -> 1 | D27: =IFERROR(INDEX(Reference!$HH$2:$HH$1000, MATCH(Builder!G6&"|"&"ward_days", Reference!$HA$2:$HA$1000, 0)), 0) -> 0.25 | E27: =IFERROR(INDEX(Reference!$HI$2:$HI$1000, MATCH(Builder!G6&"|"&"ward_days", Reference!$HA$2:$HA$1000, 0)), 0) -> 1 | F27: =IFERROR(INDEX(Reference!$HJ$2:$HJ$1000, MATCH(Builder!G6&"|"&"ward_days", Reference!$HA$2:$HA$1000, 0)), 0) -> 1.75 | G27: =IF(C27<D27,"Below Range",IF(C27>F27,"Above Range","Within Range")) -> Within Range
A28: OT Hours | B28: =Builder!G6 -> Cash | C28: =Builder!G13 -> 3 | D28: =IFERROR(INDEX(Reference!$HH$2:$HH$1000, MATCH(Builder!G6&"|"&"ot_hours", Reference!$HA$2:$HA$1000, 0)), 0) -> 2.5 | E28: =IFERROR(INDEX(Reference!$HI$2:$HI$1000, MATCH(Builder!G6&"|"&"ot_hours", Reference!$HA$2:$HA$1000, 0)), 0) -> 3 | F28: =IFERROR(INDEX(Reference!$HJ$2:$HJ$1000, MATCH(Builder!G6&"|"&"ot_hours", Reference!$HA$2:$HA$1000, 0)), 0) -> 3 | G28: =IF(C28<D28,"Below Range",IF(C28>F28,"Above Range","Within Range")) -> Within Range
A31: Component Cohort | B31: Resolved Basis | C31: Cases Used | D31: Cash | E31: GIPSA | F31: Non-GIPSA | G31: Corporate | H31: Scope
A32: Service Actual Cohort | B32: =Builder!G6 -> Cash | C32: =IFERROR(INDEX(Reference!$BA$2:$BA$500, MATCH(Builder!G6, Reference!$AZ$2:$AZ$500, 0)), 0) -> 26 | D32: =IFERROR(INDEX(Reference!$BB$2:$BB$500, MATCH(Builder!G6, Reference!$AZ$2:$AZ$500, 0)), 0) -> 26 | E32: =IFERROR(INDEX(Reference!$BC$2:$BC$500, MATCH(Builder!G6, Reference!$AZ$2:$AZ$500, 0)), 0) -> 0 | F32: =IFERROR(INDEX(Reference!$BD$2:$BD$500, MATCH(Builder!G6, Reference!$AZ$2:$AZ$500, 0)), 0) -> 0 | G32: =IFERROR(INDEX(Reference!$BE$2:$BE$500, MATCH(Builder!G6, Reference!$AZ$2:$AZ$500, 0)), 0) -> 0 | H32: Service buckets and LOS/ICU/ward/OT service-context metrics
A33: Pharmacy Actual Cohort | B33: =Builder!G5 -> Cash | C33: =IFERROR(INDEX(Reference!$BA$2:$BA$500, MATCH(Builder!G5, Reference!$AZ$2:$AZ$500, 0)), 0) -> 26 | D33: =IFERROR(INDEX(Reference!$BB$2:$BB$500, MATCH(Builder!G5, Reference!$AZ$2:$AZ$500, 0)), 0) -> 26 | E33: =IFERROR(INDEX(Reference!$BC$2:$BC$500, MATCH(Builder!G5, Reference!$AZ$2:$AZ$500, 0)), 0) -> 0 | F33: =IFERROR(INDEX(Reference!$BD$2:$BD$500, MATCH(Builder!G5, Reference!$AZ$2:$AZ$500, 0)), 0) -> 0 | G33: =IFERROR(INDEX(Reference!$BE$2:$BE$500, MATCH(Builder!G5, Reference!$AZ$2:$AZ$500, 0)), 0) -> 0 | H33: Pharmacy buckets, per-day pharmacy metrics, and drug administration
A34: PF Actual Cohort | B34: =Builder!G7 -> Cash | C34: =IFERROR(INDEX(Reference!$BA$2:$BA$500, MATCH(Builder!G7, Reference!$AZ$2:$AZ$500, 0)), 0) -> 26 | D34: =IFERROR(INDEX(Reference!$BB$2:$BB$500, MATCH(Builder!G7, Reference!$AZ$2:$AZ$500, 0)), 0) -> 26 | E34: =IFERROR(INDEX(Reference!$BC$2:$BC$500, MATCH(Builder!G7, Reference!$AZ$2:$AZ$500, 0)), 0) -> 0 | F34: =IFERROR(INDEX(Reference!$BD$2:$BD$500, MATCH(Builder!G7, Reference!$AZ$2:$AZ$500, 0)), 0) -> 0 | G34: =IFERROR(INDEX(Reference!$BE$2:$BE$500, MATCH(Builder!G7, Reference!$AZ$2:$AZ$500, 0)), 0) -> 0 | H34: Professional-fee comparison rows, including historic PF reference
A37: Notes
A38: 1. Robotic-charge rows are controlled from the Builder, not from Service Add-Ons. Generic non-robotic variants leave that control blank or No unless the user explicitly includes robotic charges.
A39: 2. OT Consumables show historical P25 / P50 / P75 anchors separately. The applied resolved value defaults to historical P50 and only changes when Advanced Controls selections intentionally change it.
A40: 3. Pharmacy comparison is split into IP drugs, IP consumables, OT drugs, OT consumables, implants, and the rolled-up pharmacy total. LOS-linked pharmacy rows also show per-day comparators.
A41: 4. Drug Administration Charges are shown separately so Bedside Services compares cleanly against historical bedside actuals.
A42: 5. Grand Total (Historic PF) swaps the calculated PF estimate for the selected-basis collectible historical PF reference.
A43: 6. Case counts are shown at the service / pharmacy / PF component-basis level because all rows inside each component share the same resolved historical cohort.

Sheet Advanced Controls
A1: Advanced Controls
A2: Adjust only the OT consumables portion here. Implant overrides are handled on the Implant Selection sheet. Service add-ons are handled on the Service Add-Ons sheet.
A3: OT consumables: benchmark anchors stay fixed at cohort P25 / P50 / P75. The resolved applied value defaults to historical P50 when no shortlist items are selected, then moves by expected-contribution bands from the shortlist below: <=30% stays at P25, 30% to 50% uses P50, and >50% uses P75.
A4: OT Consumables Benchmark | B4: P25 | C4: P50 | D4: P75
B5: =IFERROR(INDEX(Reference!$CD$2:$CD$500, MATCH(Builder!G5, Reference!$AZ$2:$AZ$500, 0)), 0) -> 66040.54 | C5: =IFERROR(INDEX(Reference!$CE$2:$CE$500, MATCH(Builder!G5, Reference!$AZ$2:$AZ$500, 0)), 0) -> 72382.9 | D5: =IFERROR(INDEX(Reference!$CF$2:$CF$500, MATCH(Builder!G5, Reference!$AZ$2:$AZ$500, 0)), 0) -> 107563.63
A6: Resolved OT Consumables | B6: Applied Value | C6: =IF(COUNTIF(H8:H17,"Include")=0,C5,IF(IFERROR(SUMIF(H8:H17,"Include",F8:F17)/SUM(F8:F17),0)<=0.3,B5,IF(IFERROR(SUMIF(H8:H17,"Include",F8:F17)/SUM(F8:F17),0)<=0.5,C5,D5))) -> 72382.9
A7: Item | B7: Typical Qty | C7: Typical Rate | D7: Typical Amount | E7: Presence Rate | F7: Expected Contribution | G7: Cumulative Share | H7: Selected
A8: PURESIGHT ARRAY SET KNEE(4515-70-011-DEPUY) | B8: =IFERROR(INDEX(Reference!$DO$2:$DO$6000, MATCH(Builder!G5&"|"&A8, Reference!$DR$2:$DR$6000, 0)), 2) -> 2 | C8: =IF(B8>0,D8/B8,0) -> 26625 | D8: =IFERROR(INDEX(Reference!$DP$2:$DP$6000, MATCH(Builder!G5&"|"&A8, Reference!$DR$2:$DR$6000, 0)), 53250) -> 53250 | E8: =IFERROR(INDEX(Reference!$DL$2:$DL$6000, MATCH(Builder!G5&"|"&A8, Reference!$DR$2:$DR$6000, 0)), 38.46) -> 38.461538 | F8: =E8*B8*C8/100 -> 20479.95 | G8: =F8/SUM($F$8:$F$17) -> 0.28595734 | H8: Exclude
A9: MAKO DRAPE KIT(PRYMAX) | B9: =IFERROR(INDEX(Reference!$DO$2:$DO$6000, MATCH(Builder!G5&"|"&A9, Reference!$DR$2:$DR$6000, 0)), 1) -> 1 | C9: =IF(B9>0,D9/B9,0) -> 21618.59 | D9: =IFERROR(INDEX(Reference!$DP$2:$DP$6000, MATCH(Builder!G5&"|"&A9, Reference!$DR$2:$DR$6000, 0)), 21618.59) -> 21618.59 | E9: =IFERROR(INDEX(Reference!$DL$2:$DL$6000, MATCH(Builder!G5&"|"&A9, Reference!$DR$2:$DR$6000, 0)), 61.54) -> 61.538462 | F9: =E9*B9*C9/100 -> 13304.08 | G9: =G8+F9/SUM($F$8:$F$17) -> 0.47171949 | H9: Exclude
A10: STERILE DRAPE KIT(4515-70-018-DEPUY) | B10: =IFERROR(INDEX(Reference!$DO$2:$DO$6000, MATCH(Builder!G5&"|"&A10, Reference!$DR$2:$DR$6000, 0)), 1) -> 1 | C10: =IF(B10>0,D10/B10,0) -> 28040 | D10: =IFERROR(INDEX(Reference!$DP$2:$DP$6000, MATCH(Builder!G5&"|"&A10, Reference!$DR$2:$DR$6000, 0)), 28040) -> 28040 | E10: =IFERROR(INDEX(Reference!$DL$2:$DL$6000, MATCH(Builder!G5&"|"&A10, Reference!$DR$2:$DR$6000, 0)), 23.08) -> 23.076923 | F10: =E10*B10*C10/100 -> 6471.632 | G10: =G9+F10/SUM($F$8:$F$17) -> 0.56208156 | H10: Exclude
A11: STERILE DRAPE KIT(4515-70-008-DEPUY) | B11: =IFERROR(INDEX(Reference!$DO$2:$DO$6000, MATCH(Builder!G5&"|"&A11, Reference!$DR$2:$DR$6000, 0)), 1) -> 1 | C11: =IF(B11>0,D11/B11,0) -> 28040 | D11: =IFERROR(INDEX(Reference!$DP$2:$DP$6000, MATCH(Builder!G5&"|"&A11, Reference!$DR$2:$DR$6000, 0)), 28040) -> 28040 | E11: =IFERROR(INDEX(Reference!$DL$2:$DL$6000, MATCH(Builder!G5&"|"&A11, Reference!$DR$2:$DR$6000, 0)), 15.38) -> 15.384615 | F11: =E11*B11*C11/100 -> 4312.552 | G11: =G10+F11/SUM($F$8:$F$17) -> 0.62229684 | H11: Exclude
A12: OSCILLATING SAW BLADE 85MMX19X2MM(4515-70-000-DEPUY) | B12: =IFERROR(INDEX(Reference!$DO$2:$DO$6000, MATCH(Builder!G5&"|"&A12, Reference!$DR$2:$DR$6000, 0)), 1) -> 1 | C12: =IF(B12>0,D12/B12,0) -> 30093 | D12: =IFERROR(INDEX(Reference!$DP$2:$DP$6000, MATCH(Builder!G5&"|"&A12, Reference!$DR$2:$DR$6000, 0)), 30093) -> 30093 | E12: =IFERROR(INDEX(Reference!$DL$2:$DL$6000, MATCH(Builder!G5&"|"&A12, Reference!$DR$2:$DR$6000, 0)), 11.54) -> 11.538462 | F12: =E12*B12*C12/100 -> 3472.7322 | G12: =G11+F12/SUM($F$8:$F$17) -> 0.67078588 | H12: Exclude
A13: MICS SAGITTAL BLADE STANDARD(116170-STRYKER) | B13: =IFERROR(INDEX(Reference!$DO$2:$DO$6000, MATCH(Builder!G5&"|"&A13, Reference!$DR$2:$DR$6000, 0)), 3) -> 3 | C13: =IF(B13>0,D13/B13,0) -> 3526 | D13: =IFERROR(INDEX(Reference!$DP$2:$DP$6000, MATCH(Builder!G5&"|"&A13, Reference!$DR$2:$DR$6000, 0)), 10578) -> 10578 | E13: =IFERROR(INDEX(Reference!$DL$2:$DL$6000, MATCH(Builder!G5&"|"&A13, Reference!$DR$2:$DR$6000, 0)), 26.92) -> 26.923077 | F13: =E13*B13*C13/100 -> 2847.5976 | G13: =G12+F13/SUM($F$8:$F$17) -> 0.7105463 | H13: Exclude
A14: STRATAFIX 1 SXPP1A203(ETHICON) | B14: =IFERROR(INDEX(Reference!$DO$2:$DO$6000, MATCH(Builder!G5&"|"&A14, Reference!$DR$2:$DR$6000, 0)), 1) -> 1 | C14: =IF(B14>0,D14/B14,0) -> 3760 | D14: =IFERROR(INDEX(Reference!$DP$2:$DP$6000, MATCH(Builder!G5&"|"&A14, Reference!$DR$2:$DR$6000, 0)), 3760) -> 3760 | E14: =IFERROR(INDEX(Reference!$DL$2:$DL$6000, MATCH(Builder!G5&"|"&A14, Reference!$DR$2:$DR$6000, 0)), 61.54) -> 61.538462 | F14: =E14*B14*C14/100 -> 2313.904 | G14: =G13+F14/SUM($F$8:$F$17) -> 0.74285487 | H14: Exclude
A15: 116171 MICS SAGITTAL BLADE NARROW | B15: =IFERROR(INDEX(Reference!$DO$2:$DO$6000, MATCH(Builder!G5&"|"&A15, Reference!$DR$2:$DR$6000, 0)), 3) -> 3 | C15: =IF(B15>0,D15/B15,0) -> 3333.3333 | D15: =IFERROR(INDEX(Reference!$DP$2:$DP$6000, MATCH(Builder!G5&"|"&A15, Reference!$DR$2:$DR$6000, 0)), 9999.99) -> 10000 | E15: =IFERROR(INDEX(Reference!$DL$2:$DL$6000, MATCH(Builder!G5&"|"&A15, Reference!$DR$2:$DR$6000, 0)), 15.38) -> 15.384615 | F15: =E15*B15*C15/100 -> 1538 | G15: =G14+F15/SUM($F$8:$F$17) -> 0.76432965 | H15: Exclude
A16: 107120 MAKO VIZADISCS | B16: =IFERROR(INDEX(Reference!$DO$2:$DO$6000, MATCH(Builder!G5&"|"&A16, Reference!$DR$2:$DR$6000, 0)), 1) -> 1 | C16: =IF(B16>0,D16/B16,0) -> 4218.6 | D16: =IFERROR(INDEX(Reference!$DP$2:$DP$6000, MATCH(Builder!G5&"|"&A16, Reference!$DR$2:$DR$6000, 0)), 4218.6) -> 4218.6 | E16: =IFERROR(INDEX(Reference!$DL$2:$DL$6000, MATCH(Builder!G5&"|"&A16, Reference!$DR$2:$DR$6000, 0)), 26.92) -> 26.923077 | F16: =E16*B16*C16/100 -> 1135.6471 | G16: =G15+F16/SUM($F$8:$F$17) -> 0.78018646 | H16: Exclude
A17: CORK SCREW FT-2 5.5MM WITH NEEDLE 16.3MM(AR-1928SNF-2-ARTHREX) | B17: =IFERROR(INDEX(Reference!$DO$2:$DO$6000, MATCH(Builder!G5&"|"&A17, Reference!$DR$2:$DR$6000, 0)), 1) -> 1 | C17: =IF(B17>0,D17/B17,0) -> 27280 | D17: =IFERROR(INDEX(Reference!$DP$2:$DP$6000, MATCH(Builder!G5&"|"&A17, Reference!$DR$2:$DR$6000, 0)), 27280) -> 27280 | E17: =IFERROR(INDEX(Reference!$DL$2:$DL$6000, MATCH(Builder!G5&"|"&A17, Reference!$DR$2:$DR$6000, 0)), 3.85) -> 3.8461538 | F17: =E17*B17*C17/100 -> 1050.28 | G17: =G16+F17/SUM($F$8:$F$17) -> 0.7948513 | H17: Exclude

Sheet Service Add-Ons
A1: Service Add-Ons
A2: Include only the service items that are clinically expected for this case. Rows are prioritized by expected historical contribution first, then presence rate, so the most likely and financially meaningful add-ons appear first.
A4: Optional Add-Ons | B4: Low | C4: Typical | D4: High | O4: Service Line Count Alert
B5: =SUMIF(I7:I33,"Include",J7:J33) -> 0 | C5: =SUMIF(I7:I33,"Include",K7:K33) -> 0 | D5: =SUMIF(I7:I33,"Include",L7:L33) -> 0 | O5: Historical P25 | P5: =IFERROR(INDEX(Reference!$BR$2:$BR$500, MATCH(Builder!G6, Reference!$AZ$2:$AZ$500, 0)), 0) -> 36.25
A6: Service Name | B6: Grouping | C6: Presence Rate | D6: Qty P25 | E6: Qty P50 | F6: Qty P75 | G6: Selected Tariff Rate | H6: Typical Gross | I6: Selected | J6: Low Amt | K6: Typical Amt | L6: High Amt | M6: Code | O6: Historical P50 | P6: =IFERROR(INDEX(Reference!$BS$2:$BS$500, MATCH(Builder!G6, Reference!$AZ$2:$AZ$500, 0)), 0) -> 39
A7: FIBRINOGEN | B7: Coagulation Tests | C7: =IFERROR(INDEX(Reference!$CW$2:$CW$4000, MATCH(Builder!G6&"|"&M7, Reference!$CQ$2:$CQ$4000, 0)), 61.54) -> 61.538462 | D7: =IFERROR(INDEX(Reference!$CX$2:$CX$4000, MATCH(Builder!G6&"|"&M7, Reference!$CQ$2:$CQ$4000, 0)), 1.75) -> 1.75 | E7: =IFERROR(INDEX(Reference!$CY$2:$CY$4000, MATCH(Builder!G6&"|"&M7, Reference!$CQ$2:$CQ$4000, 0)), 2) -> 2 | F7: =IFERROR(INDEX(Reference!$CZ$2:$CZ$4000, MATCH(Builder!G6&"|"&M7, Reference!$CQ$2:$CQ$4000, 0)), 2) -> 2 | G7: =IF(Builder!B4="General",0+IFERROR(INDEX(Reference!$EG$2:$EG$8000, MATCH(Builder!E5&"|"&M7, Reference!$EB$2:$EB$8000, 0)), 0),IF(Builder!B4="Twin",0+IFERROR(INDEX(Reference!$EH$2:$EH$8000, MATCH(Builder!E5&"|"&M7, Reference!$EB$2:$EB$8000, 0)), 0),0+IFERROR(INDEX(Reference!$EI$2:$EI$8000, MATCH(Builder!E5&"|"&M7, Reference!$EB$2:$EB$8000, 0)), 0))) -> 2900 | H7: =IF(AND(Builder!E2="Insurance / Org Tariff",IFERROR(INDEX(Reference!$EZ$2:$EZ$1000, MATCH(M7, Reference!$EX$2:$EX$1000, 0)), "No")="Yes"),0,E7*G7) -> 5800 | I7: Exclude | J7: =IF(AND(Builder!E2="Insurance / Org Tariff",IFERROR(INDEX(Reference!$EZ$2:$EZ$1000, MATCH(M7, Reference!$EX$2:$EX$1000, 0)), "No")="Yes"),0,D7*G7) -> 5075 | K7: =IF(AND(Builder!E2="Insurance / Org Tariff",IFERROR(INDEX(Reference!$EZ$2:$EZ$1000, MATCH(M7, Reference!$EX$2:$EX$1000, 0)), "No")="Yes"),0,E7*G7) -> 5800 | L7: =IF(AND(Builder!E2="Insurance / Org Tariff",IFERROR(INDEX(Reference!$EZ$2:$EZ$1000, MATCH(M7, Reference!$EX$2:$EX$1000, 0)), "No")="Yes"),0,F7*G7) -> 5800 | M7: BIO0106 | O7: Historical P75 | P7: =IFERROR(INDEX(Reference!$BT$2:$BT$500, MATCH(Builder!G6, Reference!$AZ$2:$AZ$500, 0)), 0) -> 41
A8: CORTISOL | B8: Hormone Tests | C8: =IFERROR(INDEX(Reference!$CW$2:$CW$4000, MATCH(Builder!G6&"|"&M8, Reference!$CQ$2:$CQ$4000, 0)), 38.46) -> 38.461538 | D8: =IFERROR(INDEX(Reference!$CX$2:$CX$4000, MATCH(Builder!G6&"|"&M8, Reference!$CQ$2:$CQ$4000, 0)), 1) -> 1 | E8: =IFERROR(INDEX(Reference!$CY$2:$CY$4000, MATCH(Builder!G6&"|"&M8, Reference!$CQ$2:$CQ$4000, 0)), 1) -> 1 | F8: =IFERROR(INDEX(Reference!$CZ$2:$CZ$4000, MATCH(Builder!G6&"|"&M8, Reference!$CQ$2:$CQ$4000, 0)), 2.75) -> 2.75 | G8: =IF(Builder!B4="General",0+IFERROR(INDEX(Reference!$EG$2:$EG$8000, MATCH(Builder!E5&"|"&M8, Reference!$EB$2:$EB$8000, 0)), 0),IF(Builder!B4="Twin",0+IFERROR(INDEX(Reference!$EH$2:$EH$8000, MATCH(Builder!E5&"|"&M8, Reference!$EB$2:$EB$8000, 0)), 0),0+IFERROR(INDEX(Reference!$EI$2:$EI$8000, MATCH(Builder!E5&"|"&M8, Reference!$EB$2:$EB$8000, 0)), 0))) -> 3260 | H8: =IF(AND(Builder!E2="Insurance / Org Tariff",IFERROR(INDEX(Reference!$EZ$2:$EZ$1000, MATCH(M8, Reference!$EX$2:$EX$1000, 0)), "No")="Yes"),0,E8*G8) -> 3260 | I8: Exclude | J8: =IF(AND(Builder!E2="Insurance / Org Tariff",IFERROR(INDEX(Reference!$EZ$2:$EZ$1000, MATCH(M8, Reference!$EX$2:$EX$1000, 0)), "No")="Yes"),0,D8*G8) -> 3260 | K8: =IF(AND(Builder!E2="Insurance / Org Tariff",IFERROR(INDEX(Reference!$EZ$2:$EZ$1000, MATCH(M8, Reference!$EX$2:$EX$1000, 0)), "No")="Yes"),0,E8*G8) -> 3260 | L8: =IF(AND(Builder!E2="Insurance / Org Tariff",IFERROR(INDEX(Reference!$EZ$2:$EZ$1000, MATCH(M8, Reference!$EX$2:$EX$1000, 0)), "No")="Yes"),0,F8*G8) -> 8965 | M8: BIO0181 | O8: Base Included Non-Pharmacy Count | P8: =36 + IF(Builder!B8="Yes",1,0) -> 37
A9: GRBS | B9: GRBS Monitoring | C9: =IFERROR(INDEX(Reference!$CW$2:$CW$4000, MATCH(Builder!G6&"|"&M9, Reference!$CQ$2:$CQ$4000, 0)), 57.69) -> 57.692308 | D9: =IFERROR(INDEX(Reference!$CX$2:$CX$4000, MATCH(Builder!G6&"|"&M9, Reference!$CQ$2:$CQ$4000, 0)), 5) -> 5 | E9: =IFERROR(INDEX(Reference!$CY$2:$CY$4000, MATCH(Builder!G6&"|"&M9, Reference!$CQ$2:$CQ$4000, 0)), 5) -> 5 | F9: =IFERROR(INDEX(Reference!$CZ$2:$CZ$4000, MATCH(Builder!G6&"|"&M9, Reference!$CQ$2:$CQ$4000, 0)), 7) -> 7 | G9: =IF(Builder!B4="General",0+IFERROR(INDEX(Reference!$EG$2:$EG$8000, MATCH(Builder!E5&"|"&M9, Reference!$EB$2:$EB$8000, 0)), 0),IF(Builder!B4="Twin",0+IFERROR(INDEX(Reference!$EH$2:$EH$8000, MATCH(Builder!E5&"|"&M9, Reference!$EB$2:$EB$8000, 0)), 0),0+IFERROR(INDEX(Reference!$EI$2:$EI$8000, MATCH(Builder!E5&"|"&M9, Reference!$EB$2:$EB$8000, 0)), 0))) -> 330 | H9: =IF(AND(Builder!E2="Insurance / Org Tariff",IFERROR(INDEX(Reference!$EZ$2:$EZ$1000, MATCH(M9, Reference!$EX$2:$EX$1000, 0)), "No")="Yes"),0,E9*G9) -> 1650 | I9: Exclude | J9: =IF(AND(Builder!E2="Insurance / Org Tariff",IFERROR(INDEX(Reference!$EZ$2:$EZ$1000, MATCH(M9, Reference!$EX$2:$EX$1000, 0)), "No")="Yes"),0,D9*G9) -> 1650 | K9: =IF(AND(Builder!E2="Insurance / Org Tariff",IFERROR(INDEX(Reference!$EZ$2:$EZ$1000, MATCH(M9, Reference!$EX$2:$EX$1000, 0)), "No")="Yes"),0,E9*G9) -> 1650 | L9: =IF(AND(Builder!E2="Insurance / Org Tariff",IFERROR(INDEX(Reference!$EZ$2:$EZ$1000, MATCH(M9, Reference!$EX$2:$EX$1000, 0)), "No")="Yes"),0,F9*G9) -> 2310 | M9: EME0020 | O9: Selected Optional Count | P9: =COUNTIF(I7:I33,"Include") -> 0
A10: CRP | B10: Inflammatory Marker Tests | C10: =IFERROR(INDEX(Reference!$CW$2:$CW$4000, MATCH(Builder!G6&"|"&M10, Reference!$CQ$2:$CQ$4000, 0)), 53.85) -> 53.846154 | D10: =IFERROR(INDEX(Reference!$CX$2:$CX$4000, MATCH(Builder!G6&"|"&M10, Reference!$CQ$2:$CQ$4000, 0)), 1) -> 1 | E10: =IFERROR(INDEX(Reference!$CY$2:$CY$4000, MATCH(Builder!G6&"|"&M10, Reference!$CQ$2:$CQ$4000, 0)), 1) -> 1 | F10: =IFERROR(INDEX(Reference!$CZ$2:$CZ$4000, MATCH(Builder!G6&"|"&M10, Reference!$CQ$2:$CQ$4000, 0)), 1) -> 1 | G10: =IF(Builder!B4="General",0+IFERROR(INDEX(Reference!$EG$2:$EG$8000, MATCH(Builder!E5&"|"&M10, Reference!$EB$2:$EB$8000, 0)), 0),IF(Builder!B4="Twin",0+IFERROR(INDEX(Reference!$EH$2:$EH$8000, MATCH(Builder!E5&"|"&M10, Reference!$EB$2:$EB$8000, 0)), 0),0+IFERROR(INDEX(Reference!$EI$2:$EI$8000, MATCH(Builder!E5&"|"&M10, Reference!$EB$2:$EB$8000, 0)), 0))) -> 1320 | H10: =IF(AND(Builder!E2="Insurance / Org Tariff",IFERROR(INDEX(Reference!$EZ$2:$EZ$1000, MATCH(M10, Reference!$EX$2:$EX$1000, 0)), "No")="Yes"),0,E10*G10) -> 1320 | I10: Exclude | J10: =IF(AND(Builder!E2="Insurance / Org Tariff",IFERROR(INDEX(Reference!$EZ$2:$EZ$1000, MATCH(M10, Reference!$EX$2:$EX$1000, 0)), "No")="Yes"),0,D10*G10) -> 1320 | K10: =IF(AND(Builder!E2="Insurance / Org Tariff",IFERROR(INDEX(Reference!$EZ$2:$EZ$1000, MATCH(M10, Reference!$EX$2:$EX$1000, 0)), "No")="Yes"),0,E10*G10) -> 1320 | L10: =IF(AND(Builder!E2="Insurance / Org Tariff",IFERROR(INDEX(Reference!$EZ$2:$EZ$1000, MATCH(M10, Reference!$EX$2:$EX$1000, 0)), "No")="Yes"),0,F10*G10) -> 1320 | M10: BIO0121 | O10: Current Included Non-Pharmacy Count | P10: =P8+P9 -> 37
A11: PACKED RED BLOOD CELLS | B11: Blood Bank Services | C11: =IFERROR(INDEX(Reference!$CW$2:$CW$4000, MATCH(Builder!G6&"|"&M11, Reference!$CQ$2:$CQ$4000, 0)), 19.23) -> 19.230769 | D11: =IFERROR(INDEX(Reference!$CX$2:$CX$4000, MATCH(Builder!G6&"|"&M11, Reference!$CQ$2:$CQ$4000, 0)), 1) -> 1 | E11: =IFERROR(INDEX(Reference!$CY$2:$CY$4000, MATCH(Builder!G6&"|"&M11, Reference!$CQ$2:$CQ$4000, 0)), 1) -> 1 | F11: =IFERROR(INDEX(Reference!$CZ$2:$CZ$4000, MATCH(Builder!G6&"|"&M11, Reference!$CQ$2:$CQ$4000, 0)), 1) -> 1 | G11: =IF(Builder!B4="General",0+IFERROR(INDEX(Reference!$EG$2:$EG$8000, MATCH(Builder!E5&"|"&M11, Reference!$EB$2:$EB$8000, 0)), 0),IF(Builder!B4="Twin",0+IFERROR(INDEX(Reference!$EH$2:$EH$8000, MATCH(Builder!E5&"|"&M11, Reference!$EB$2:$EB$8000, 0)), 0),0+IFERROR(INDEX(Reference!$EI$2:$EI$8000, MATCH(Builder!E5&"|"&M11, Reference!$EB$2:$EB$8000, 0)), 0))) -> 2650 | H11: =IF(AND(Builder!E2="Insurance / Org Tariff",IFERROR(INDEX(Reference!$EZ$2:$EZ$1000, MATCH(M11, Reference!$EX$2:$EX$1000, 0)), "No")="Yes"),0,E11*G11) -> 2650 | I11: Exclude | J11: =IF(AND(Builder!E2="Insurance / Org Tariff",IFERROR(INDEX(Reference!$EZ$2:$EZ$1000, MATCH(M11, Reference!$EX$2:$EX$1000, 0)), "No")="Yes"),0,D11*G11) -> 2650 | K11: =IF(AND(Builder!E2="Insurance / Org Tariff",IFERROR(INDEX(Reference!$EZ$2:$EZ$1000, MATCH(M11, Reference!$EX$2:$EX$1000, 0)), "No")="Yes"),0,E11*G11) -> 2650 | L11: =IF(AND(Builder!E2="Insurance / Org Tariff",IFERROR(INDEX(Reference!$EZ$2:$EZ$1000, MATCH(M11, Reference!$EX$2:$EX$1000, 0)), "No")="Yes"),0,F11*G11) -> 2650 | M11: BLD0024 | O11: Alert | P11: =IF(P10<P5,"Below historical P25",IF(P10>P7,"Above historical P75","Within historical range")) -> Within historical range
A12: OXYGEN PER DAY | B12: Oxygen / HFNT Charges | C12: =IFERROR(INDEX(Reference!$CW$2:$CW$4000, MATCH(Builder!G6&"|"&M12, Reference!$CQ$2:$CQ$4000, 0)), 3.85) -> 3.8461538 | D12: =IFERROR(INDEX(Reference!$CX$2:$CX$4000, MATCH(Builder!G6&"|"&M12, Reference!$CQ$2:$CQ$4000, 0)), 2) -> 2 | E12: =IFERROR(INDEX(Reference!$CY$2:$CY$4000, MATCH(Builder!G6&"|"&M12, Reference!$CQ$2:$CQ$4000, 0)), 2) -> 2 | F12: =IFERROR(INDEX(Reference!$CZ$2:$CZ$4000, MATCH(Builder!G6&"|"&M12, Reference!$CQ$2:$CQ$4000, 0)), 2) -> 2 | G12: =IF(Builder!B4="General",0+IFERROR(INDEX(Reference!$EG$2:$EG$8000, MATCH(Builder!E5&"|"&M12, Reference!$EB$2:$EB$8000, 0)), 0),IF(Builder!B4="Twin",0+IFERROR(INDEX(Reference!$EH$2:$EH$8000, MATCH(Builder!E5&"|"&M12, Reference!$EB$2:$EB$8000, 0)), 0),0+IFERROR(INDEX(Reference!$EI$2:$EI$8000, MATCH(Builder!E5&"|"&M12, Reference!$EB$2:$EB$8000, 0)), 0))) -> 3620 | H12: =IF(AND(Builder!E2="Insurance / Org Tariff",IFERROR(INDEX(Reference!$EZ$2:$EZ$1000, MATCH(M12, Reference!$EX$2:$EX$1000, 0)), "No")="Yes"),0,E12*G12) -> 7240 | I12: Exclude | J12: =IF(AND(Builder!E2="Insurance / Org Tariff",IFERROR(INDEX(Reference!$EZ$2:$EZ$1000, MATCH(M12, Reference!$EX$2:$EX$1000, 0)), "No")="Yes"),0,D12*G12) -> 7240 | K12: =IF(AND(Builder!E2="Insurance / Org Tariff",IFERROR(INDEX(Reference!$EZ$2:$EZ$1000, MATCH(M12, Reference!$EX$2:$EX$1000, 0)), "No")="Yes"),0,E12*G12) -> 7240 | L12: =IF(AND(Builder!E2="Insurance / Org Tariff",IFERROR(INDEX(Reference!$EZ$2:$EZ$1000, MATCH(M12, Reference!$EX$2:$EX$1000, 0)), "No")="Yes"),0,F12*G12) -> 7240 | M12: EME0016
A13: EVMS - ENHANCED VITALS MONITORING SYSTEM (DOZEE) | B13: Patient Monitoring | C13: =IFERROR(INDEX(Reference!$CW$2:$CW$4000, MATCH(Builder!G6&"|"&M13, Reference!$CQ$2:$CQ$4000, 0)), 19.23) -> 19.230769 | D13: =IFERROR(INDEX(Reference!$CX$2:$CX$4000, MATCH(Builder!G6&"|"&M13, Reference!$CQ$2:$CQ$4000, 0)), 1) -> 1 | E13: =IFERROR(INDEX(Reference!$CY$2:$CY$4000, MATCH(Builder!G6&"|"&M13, Reference!$CQ$2:$CQ$4000, 0)), 1) -> 1 | F13: =IFERROR(INDEX(Reference!$CZ$2:$CZ$4000, MATCH(Builder!G6&"|"&M13, Reference!$CQ$2:$CQ$4000, 0)), 1) -> 1 | G13: =IF(Builder!B4="General",0+IFERROR(INDEX(Reference!$EG$2:$EG$8000, MATCH(Builder!E5&"|"&M13, Reference!$EB$2:$EB$8000, 0)), 0),IF(Builder!B4="Twin",0+IFERROR(INDEX(Reference!$EH$2:$EH$8000, MATCH(Builder!E5&"|"&M13, Reference!$EB$2:$EB$8000, 0)), 0),0+IFERROR(INDEX(Reference!$EI$2:$EI$8000, MATCH(Builder!E5&"|"&M13, Reference!$EB$2:$EB$8000, 0)), 0))) -> 1250 | H13: =IF(AND(Builder!E2="Insurance / Org Tariff",IFERROR(INDEX(Reference!$EZ$2:$EZ$1000, MATCH(M13, Reference!$EX$2:$EX$1000, 0)), "No")="Yes"),0,E13*G13) -> 1250 | I13: Exclude | J13: =IF(AND(Builder!E2="Insurance / Org Tariff",IFERROR(INDEX(Reference!$EZ$2:$EZ$1000, MATCH(M13, Reference!$EX$2:$EX$1000, 0)), "No")="Yes"),0,D13*G13) -> 1250 | K13: =IF(AND(Builder!E2="Insurance / Org Tariff",IFERROR(INDEX(Reference!$EZ$2:$EZ$1000, MATCH(M13, Reference!$EX$2:$EX$1000, 0)), "No")="Yes"),0,E13*G13) -> 1250 | L13: =IF(AND(Builder!E2="Insurance / Org Tariff",IFERROR(INDEX(Reference!$EZ$2:$EZ$1000, MATCH(M13, Reference!$EX$2:$EX$1000, 0)), "No")="Yes"),0,F13*G13) -> 1250 | M13: EME5045
A14: NEBULIZATION PER DAY | B14: Nebulization Charges | C14: =IFERROR(INDEX(Reference!$CW$2:$CW$4000, MATCH(Builder!G6&"|"&M14, Reference!$CQ$2:$CQ$4000, 0)), 15.38) -> 15.384615 | D14: =IFERROR(INDEX(Reference!$CX$2:$CX$4000, MATCH(Builder!G6&"|"&M14, Reference!$CQ$2:$CQ$4000, 0)), 1) -> 1 | E14: =IFERROR(INDEX(Reference!$CY$2:$CY$4000, MATCH(Builder!G6&"|"&M14, Reference!$CQ$2:$CQ$4000, 0)), 1.5) -> 1.5 | F14: =IFERROR(INDEX(Reference!$CZ$2:$CZ$4000, MATCH(Builder!G6&"|"&M14, Reference!$CQ$2:$CQ$4000, 0)), 2.25) -> 2.25 | G14: =IF(Builder!B4="General",0+IFERROR(INDEX(Reference!$EG$2:$EG$8000, MATCH(Builder!E5&"|"&M14, Reference!$EB$2:$EB$8000, 0)), 0),IF(Builder!B4="Twin",0+IFERROR(INDEX(Reference!$EH$2:$EH$8000, MATCH(Builder!E5&"|"&M14, Reference!$EB$2:$EB$8000, 0)), 0),0+IFERROR(INDEX(Reference!$EI$2:$EI$8000, MATCH(Builder!E5&"|"&M14, Reference!$EB$2:$EB$8000, 0)), 0))) -> 870 | H14: =IF(AND(Builder!E2="Insurance / Org Tariff",IFERROR(INDEX(Reference!$EZ$2:$EZ$1000, MATCH(M14, Reference!$EX$2:$EX$1000, 0)), "No")="Yes"),0,E14*G14) -> 1305 | I14: Exclude | J14: =IF(AND(Builder!E2="Insurance / Org Tariff",IFERROR(INDEX(Reference!$EZ$2:$EZ$1000, MATCH(M14, Reference!$EX$2:$EX$1000, 0)), "No")="Yes"),0,D14*G14) -> 870 | K14: =IF(AND(Builder!E2="Insurance / Org Tariff",IFERROR(INDEX(Reference!$EZ$2:$EZ$1000, MATCH(M14, Reference!$EX$2:$EX$1000, 0)), "No")="Yes"),0,E14*G14) -> 1305 | L14: =IF(AND(Builder!E2="Insurance / Org Tariff",IFERROR(INDEX(Reference!$EZ$2:$EZ$1000, MATCH(M14, Reference!$EX$2:$EX$1000, 0)), "No")="Yes"),0,F14*G14) -> 1957.5 | M14: EME0052
A15: ESR | B15: Haematology Counts | C15: =IFERROR(INDEX(Reference!$CW$2:$CW$4000, MATCH(Builder!G6&"|"&M15, Reference!$CQ$2:$CQ$4000, 0)), 53.85) -> 53.846154 | D15: =IFERROR(INDEX(Reference!$CX$2:$CX$4000, MATCH(Builder!G6&"|"&M15, Reference!$CQ$2:$CQ$4000, 0)), 1) -> 1 | E15: =IFERROR(INDEX(Reference!$CY$2:$CY$4000, MATCH(Builder!G6&"|"&M15, Reference!$CQ$2:$CQ$4000, 0)), 1) -> 1 | F15: =IFERROR(INDEX(Reference!$CZ$2:$CZ$4000, MATCH(Builder!G6&"|"&M15, Reference!$CQ$2:$CQ$4000, 0)), 1) -> 1 | G15: =IF(Builder!B4="General",0+IFERROR(INDEX(Reference!$EG$2:$EG$8000, MATCH(Builder!E5&"|"&M15, Reference!$EB$2:$EB$8000, 0)), 0),IF(Builder!B4="Twin",0+IFERROR(INDEX(Reference!$EH$2:$EH$8000, MATCH(Builder!E5&"|"&M15, Reference!$EB$2:$EB$8000, 0)), 0),0+IFERROR(INDEX(Reference!$EI$2:$EI$8000, MATCH(Builder!E5&"|"&M15, Reference!$EB$2:$EB$8000, 0)), 0))) -> 370 | H15: =IF(AND(Builder!E2="Insurance / Org Tariff",IFERROR(INDEX(Reference!$EZ$2:$EZ$1000, MATCH(M15, Reference!$EX$2:$EX$1000, 0)), "No")="Yes"),0,E15*G15) -> 370 | I15: Exclude | J15: =IF(AND(Builder!E2="Insurance / Org Tariff",IFERROR(INDEX(Reference!$EZ$2:$EZ$1000, MATCH(M15, Reference!$EX$2:$EX$1000, 0)), "No")="Yes"),0,D15*G15) -> 370 | K15: =IF(AND(Builder!E2="Insurance / Org Tariff",IFERROR(INDEX(Reference!$EZ$2:$EZ$1000, MATCH(M15, Reference!$EX$2:$EX$1000, 0)), "No")="Yes"),0,E15*G15) -> 370 | L15: =IF(AND(Builder!E2="Insurance / Org Tariff",IFERROR(INDEX(Reference!$EZ$2:$EZ$1000, MATCH(M15, Reference!$EX$2:$EX$1000, 0)), "No")="Yes"),0,F15*G15) -> 370 | M15: PAT0007
A16: SYRINGE PUMP PER DAY | B16: Syringe Pump Charges | C16: =IFERROR(INDEX(Reference!$CW$2:$CW$4000, MATCH(Builder!G6&"|"&M16, Reference!$CQ$2:$CQ$4000, 0)), 15.38) -> 15.384615 | D16: =IFERROR(INDEX(Reference!$CX$2:$CX$4000, MATCH(Builder!G6&"|"&M16, Reference!$CQ$2:$CQ$4000, 0)), 1) -> 1 | E16: =IFERROR(INDEX(Reference!$CY$2:$CY$4000, MATCH(Builder!G6&"|"&M16, Reference!$CQ$2:$CQ$4000, 0)), 1) -> 1 | F16: =IFERROR(INDEX(Reference!$CZ$2:$CZ$4000, MATCH(Builder!G6&"|"&M16, Reference!$CQ$2:$CQ$4000, 0)), 1) -> 1 | G16: =IF(Builder!B4="General",0+IFERROR(INDEX(Reference!$EG$2:$EG$8000, MATCH(Builder!E5&"|"&M16, Reference!$EB$2:$EB$8000, 0)), 0),IF(Builder!B4="Twin",0+IFERROR(INDEX(Reference!$EH$2:$EH$8000, MATCH(Builder!E5&"|"&M16, Reference!$EB$2:$EB$8000, 0)), 0),0+IFERROR(INDEX(Reference!$EI$2:$EI$8000, MATCH(Builder!E5&"|"&M16, Reference!$EB$2:$EB$8000, 0)), 0))) -> 890 | H16: =IF(AND(Builder!E2="Insurance / Org Tariff",IFERROR(INDEX(Reference!$EZ$2:$EZ$1000, MATCH(M16, Reference!$EX$2:$EX$1000, 0)), "No")="Yes"),0,E16*G16) -> 890 | I16: Exclude | J16: =IF(AND(Builder!E2="Insurance / Org Tariff",IFERROR(INDEX(Reference!$EZ$2:$EZ$1000, MATCH(M16, Reference!$EX$2:$EX$1000, 0)), "No")="Yes"),0,D16*G16) -> 890 | K16: =IF(AND(Builder!E2="Insurance / Org Tariff",IFERROR(INDEX(Reference!$EZ$2:$EZ$1000, MATCH(M16, Reference!$EX$2:$EX$1000, 0)), "No")="Yes"),0,E16*G16) -> 890 | L16: =IF(AND(Builder!E2="Insurance / Org Tariff",IFERROR(INDEX(Reference!$EZ$2:$EZ$1000, MATCH(M16, Reference!$EX$2:$EX$1000, 0)), "No")="Yes"),0,F16*G16) -> 890 | M16: EME0018
A17: FOLEY'S CATHETERIZATION | B17: Catheterization / Cannulation | C17: =IFERROR(INDEX(Reference!$CW$2:$CW$4000, MATCH(Builder!G6&"|"&M17, Reference!$CQ$2:$CQ$4000, 0)), 11.54) -> 11.538462 | D17: =IFERROR(INDEX(Reference!$CX$2:$CX$4000, MATCH(Builder!G6&"|"&M17, Reference!$CQ$2:$CQ$4000, 0)), 1) -> 1 | E17: =IFERROR(INDEX(Reference!$CY$2:$CY$4000, MATCH(Builder!G6&"|"&M17, Reference!$CQ$2:$CQ$4000, 0)), 1) -> 1 | F17: =IFERROR(INDEX(Reference!$CZ$2:$CZ$4000, MATCH(Builder!G6&"|"&M17, Reference!$CQ$2:$CQ$4000, 0)), 1) -> 1 | G17: =IF(Builder!B4="General",0+IFERROR(INDEX(Reference!$EG$2:$EG$8000, MATCH(Builder!E5&"|"&M17, Reference!$EB$2:$EB$8000, 0)), 0),IF(Builder!B4="Twin",0+IFERROR(INDEX(Reference!$EH$2:$EH$8000, MATCH(Builder!E5&"|"&M17, Reference!$EB$2:$EB$8000, 0)), 0),0+IFERROR(INDEX(Reference!$EI$2:$EI$8000, MATCH(Builder!E5&"|"&M17, Reference!$EB$2:$EB$8000, 0)), 0))) -> 1170 | H17: =IF(AND(Builder!E2="Insurance / Org Tariff",IFERROR(INDEX(Reference!$EZ$2:$EZ$1000, MATCH(M17, Reference!$EX$2:$EX$1000, 0)), "No")="Yes"),0,E17*G17) -> 1170 | I17: Exclude | J17: =IF(AND(Builder!E2="Insurance / Org Tariff",IFERROR(INDEX(Reference!$EZ$2:$EZ$1000, MATCH(M17, Reference!$EX$2:$EX$1000, 0)), "No")="Yes"),0,D17*G17) -> 1170 | K17: =IF(AND(Builder!E2="Insurance / Org Tariff",IFERROR(INDEX(Reference!$EZ$2:$EZ$1000, MATCH(M17, Reference!$EX$2:$EX$1000, 0)), "No")="Yes"),0,E17*G17) -> 1170 | L17: =IF(AND(Builder!E2="Insurance / Org Tariff",IFERROR(INDEX(Reference!$EZ$2:$EZ$1000, MATCH(M17, Reference!$EX$2:$EX$1000, 0)), "No")="Yes"),0,F17*G17) -> 1170 | M17: EME0080
A18: TROPONIN-I | B18: Cardiac Marker Tests | C18: =IFERROR(INDEX(Reference!$CW$2:$CW$4000, MATCH(Builder!G6&"|"&M18, Reference!$CQ$2:$CQ$4000, 0)), 3.85) -> 3.8461538 | D18: =IFERROR(INDEX(Reference!$CX$2:$CX$4000, MATCH(Builder!G6&"|"&M18, Reference!$CQ$2:$CQ$4000, 0)), 1) -> 1 | E18: =IFERROR(INDEX(Reference!$CY$2:$CY$4000, MATCH(Builder!G6&"|"&M18, Reference!$CQ$2:$CQ$4000, 0)), 1) -> 1 | F18: =IFERROR(INDEX(Reference!$CZ$2:$CZ$4000, MATCH(Builder!G6&"|"&M18, Reference!$CQ$2:$CQ$4000, 0)), 1) -> 1 | G18: =IF(Builder!B4="General",0+IFERROR(INDEX(Reference!$EG$2:$EG$8000, MATCH(Builder!E5&"|"&M18, Reference!$EB$2:$EB$8000, 0)), 0),IF(Builder!B4="Twin",0+IFERROR(INDEX(Reference!$EH$2:$EH$8000, MATCH(Builder!E5&"|"&M18, Reference!$EB$2:$EB$8000, 0)), 0),0+IFERROR(INDEX(Reference!$EI$2:$EI$8000, MATCH(Builder!E5&"|"&M18, Reference!$EB$2:$EB$8000, 0)), 0))) -> 3470 | H18: =IF(AND(Builder!E2="Insurance / Org Tariff",IFERROR(INDEX(Reference!$EZ$2:$EZ$1000, MATCH(M18, Reference!$EX$2:$EX$1000, 0)), "No")="Yes"),0,E18*G18) -> 3470 | I18: Exclude | J18: =IF(AND(Builder!E2="Insurance / Org Tariff",IFERROR(INDEX(Reference!$EZ$2:$EZ$1000, MATCH(M18, Reference!$EX$2:$EX$1000, 0)), "No")="Yes"),0,D18*G18) -> 3470 | K18: =IF(AND(Builder!E2="Insurance / Org Tariff",IFERROR(INDEX(Reference!$EZ$2:$EZ$1000, MATCH(M18, Reference!$EX$2:$EX$1000, 0)), "No")="Yes"),0,E18*G18) -> 3470 | L18: =IF(AND(Builder!E2="Insurance / Org Tariff",IFERROR(INDEX(Reference!$EZ$2:$EZ$1000, MATCH(M18, Reference!$EX$2:$EX$1000, 0)), "No")="Yes"),0,F18*G18) -> 3470 | M18: BIO0098
A19: TRANSFUSION | B19: Blood Transfusion | C19: =IFERROR(INDEX(Reference!$CW$2:$CW$4000, MATCH(Builder!G6&"|"&M19, Reference!$CQ$2:$CQ$4000, 0)), 11.54) -> 11.538462 | D19: =IFERROR(INDEX(Reference!$CX$2:$CX$4000, MATCH(Builder!G6&"|"&M19, Reference!$CQ$2:$CQ$4000, 0)), 1) -> 1 | E19: =IFERROR(INDEX(Reference!$CY$2:$CY$4000, MATCH(Builder!G6&"|"&M19, Reference!$CQ$2:$CQ$4000, 0)), 1) -> 1 | F19: =IFERROR(INDEX(Reference!$CZ$2:$CZ$4000, MATCH(Builder!G6&"|"&M19, Reference!$CQ$2:$CQ$4000, 0)), 1) -> 1 | G19: =IF(Builder!B4="General",0+IFERROR(INDEX(Reference!$EG$2:$EG$8000, MATCH(Builder!E5&"|"&M19, Reference!$EB$2:$EB$8000, 0)), 0),IF(Builder!B4="Twin",0+IFERROR(INDEX(Reference!$EH$2:$EH$8000, MATCH(Builder!E5&"|"&M19, Reference!$EB$2:$EB$8000, 0)), 0),0+IFERROR(INDEX(Reference!$EI$2:$EI$8000, MATCH(Builder!E5&"|"&M19, Reference!$EB$2:$EB$8000, 0)), 0))) -> 1020 | H19: =IF(AND(Builder!E2="Insurance / Org Tariff",IFERROR(INDEX(Reference!$EZ$2:$EZ$1000, MATCH(M19, Reference!$EX$2:$EX$1000, 0)), "No")="Yes"),0,E19*G19) -> 1020 | I19: Exclude | J19: =IF(AND(Builder!E2="Insurance / Org Tariff",IFERROR(INDEX(Reference!$EZ$2:$EZ$1000, MATCH(M19, Reference!$EX$2:$EX$1000, 0)), "No")="Yes"),0,D19*G19) -> 1020 | K19: =IF(AND(Builder!E2="Insurance / Org Tariff",IFERROR(INDEX(Reference!$EZ$2:$EZ$1000, MATCH(M19, Reference!$EX$2:$EX$1000, 0)), "No")="Yes"),0,E19*G19) -> 1020 | L19: =IF(AND(Builder!E2="Insurance / Org Tariff",IFERROR(INDEX(Reference!$EZ$2:$EZ$1000, MATCH(M19, Reference!$EX$2:$EX$1000, 0)), "No")="Yes"),0,F19*G19) -> 1020 | M19: EME0088
A20: PRE ANAESTHETIST CHECK | B20: Pre-Anaesthesia Check | C20: =IFERROR(INDEX(Reference!$CW$2:$CW$4000, MATCH(Builder!G6&"|"&M20, Reference!$CQ$2:$CQ$4000, 0)), 11.54) -> 11.538462 | D20: =IFERROR(INDEX(Reference!$CX$2:$CX$4000, MATCH(Builder!G6&"|"&M20, Reference!$CQ$2:$CQ$4000, 0)), 1) -> 1 | E20: =IFERROR(INDEX(Reference!$CY$2:$CY$4000, MATCH(Builder!G6&"|"&M20, Reference!$CQ$2:$CQ$4000, 0)), 1) -> 1 | F20: =IFERROR(INDEX(Reference!$CZ$2:$CZ$4000, MATCH(Builder!G6&"|"&M20, Reference!$CQ$2:$CQ$4000, 0)), 1) -> 1 | G20: =IF(Builder!B4="General",0+IFERROR(INDEX(Reference!$EG$2:$EG$8000, MATCH(Builder!E5&"|"&M20, Reference!$EB$2:$EB$8000, 0)), 0),IF(Builder!B4="Twin",0+IFERROR(INDEX(Reference!$EH$2:$EH$8000, MATCH(Builder!E5&"|"&M20, Reference!$EB$2:$EB$8000, 0)), 0),0+IFERROR(INDEX(Reference!$EI$2:$EI$8000, MATCH(Builder!E5&"|"&M20, Reference!$EB$2:$EB$8000, 0)), 0))) -> 810 | H20: =IF(AND(Builder!E2="Insurance / Org Tariff",IFERROR(INDEX(Reference!$EZ$2:$EZ$1000, MATCH(M20, Reference!$EX$2:$EX$1000, 0)), "No")="Yes"),0,E20*G20) -> 810 | I20: Exclude | J20: =IF(AND(Builder!E2="Insurance / Org Tariff",IFERROR(INDEX(Reference!$EZ$2:$EZ$1000, MATCH(M20, Reference!$EX$2:$EX$1000, 0)), "No")="Yes"),0,D20*G20) -> 810 | K20: =IF(AND(Builder!E2="Insurance / Org Tariff",IFERROR(INDEX(Reference!$EZ$2:$EZ$1000, MATCH(M20, Reference!$EX$2:$EX$1000, 0)), "No")="Yes"),0,E20*G20) -> 810 | L20: =IF(AND(Builder!E2="Insurance / Org Tariff",IFERROR(INDEX(Reference!$EZ$2:$EZ$1000, MATCH(M20, Reference!$EX$2:$EX$1000, 0)), "No")="Yes"),0,F20*G20) -> 810 | M20: ANS0003
A21: THYROID PROFILE | B21: Thyroid Tests | C21: =IFERROR(INDEX(Reference!$CW$2:$CW$4000, MATCH(Builder!G6&"|"&M21, Reference!$CQ$2:$CQ$4000, 0)), 3.85) -> 3.8461538 | D21: =IFERROR(INDEX(Reference!$CX$2:$CX$4000, MATCH(Builder!G6&"|"&M21, Reference!$CQ$2:$CQ$4000, 0)), 1) -> 1 | E21: =IFERROR(INDEX(Reference!$CY$2:$CY$4000, MATCH(Builder!G6&"|"&M21, Reference!$CQ$2:$CQ$4000, 0)), 1) -> 1 | F21: =IFERROR(INDEX(Reference!$CZ$2:$CZ$4000, MATCH(Builder!G6&"|"&M21, Reference!$CQ$2:$CQ$4000, 0)), 1) -> 1 | G21: =IF(Builder!B4="General",0+IFERROR(INDEX(Reference!$EG$2:$EG$8000, MATCH(Builder!E5&"|"&M21, Reference!$EB$2:$EB$8000, 0)), 0),IF(Builder!B4="Twin",0+IFERROR(INDEX(Reference!$EH$2:$EH$8000, MATCH(Builder!E5&"|"&M21, Reference!$EB$2:$EB$8000, 0)), 0),0+IFERROR(INDEX(Reference!$EI$2:$EI$8000, MATCH(Builder!E5&"|"&M21, Reference!$EB$2:$EB$8000, 0)), 0))) -> 2290 | H21: =IF(AND(Builder!E2="Insurance / Org Tariff",IFERROR(INDEX(Reference!$EZ$2:$EZ$1000, MATCH(M21, Reference!$EX$2:$EX$1000, 0)), "No")="Yes"),0,E21*G21) -> 2290 | I21: Exclude | J21: =IF(AND(Builder!E2="Insurance / Org Tariff",IFERROR(INDEX(Reference!$EZ$2:$EZ$1000, MATCH(M21, Reference!$EX$2:$EX$1000, 0)), "No")="Yes"),0,D21*G21) -> 2290 | K21: =IF(AND(Builder!E2="Insurance / Org Tariff",IFERROR(INDEX(Reference!$EZ$2:$EZ$1000, MATCH(M21, Reference!$EX$2:$EX$1000, 0)), "No")="Yes"),0,E21*G21) -> 2290 | L21: =IF(AND(Builder!E2="Insurance / Org Tariff",IFERROR(INDEX(Reference!$EZ$2:$EZ$1000, MATCH(M21, Reference!$EX$2:$EX$1000, 0)), "No")="Yes"),0,F21*G21) -> 2290 | M21: BIO0097
A22: CROSS MATCHING | B22: Blood Bank Services | C22: =IFERROR(INDEX(Reference!$CW$2:$CW$4000, MATCH(Builder!G6&"|"&M22, Reference!$CQ$2:$CQ$4000, 0)), 26.92) -> 26.923077 | D22: =IFERROR(INDEX(Reference!$CX$2:$CX$4000, MATCH(Builder!G6&"|"&M22, Reference!$CQ$2:$CQ$4000, 0)), 1) -> 1 | E22: =IFERROR(INDEX(Reference!$CY$2:$CY$4000, MATCH(Builder!G6&"|"&M22, Reference!$CQ$2:$CQ$4000, 0)), 1) -> 1 | F22: =IFERROR(INDEX(Reference!$CZ$2:$CZ$4000, MATCH(Builder!G6&"|"&M22, Reference!$CQ$2:$CQ$4000, 0)), 1) -> 1 | G22: =IF(Builder!B4="General",0+IFERROR(INDEX(Reference!$EG$2:$EG$8000, MATCH(Builder!E5&"|"&M22, Reference!$EB$2:$EB$8000, 0)), 0),IF(Builder!B4="Twin",0+IFERROR(INDEX(Reference!$EH$2:$EH$8000, MATCH(Builder!E5&"|"&M22, Reference!$EB$2:$EB$8000, 0)), 0),0+IFERROR(INDEX(Reference!$EI$2:$EI$8000, MATCH(Builder!E5&"|"&M22, Reference!$EB$2:$EB$8000, 0)), 0))) -> 280 | H22: =IF(AND(Builder!E2="Insurance / Org Tariff",IFERROR(INDEX(Reference!$EZ$2:$EZ$1000, MATCH(M22, Reference!$EX$2:$EX$1000, 0)), "No")="Yes"),0,E22*G22) -> 280 | I22: Exclude | J22: =IF(AND(Builder!E2="Insurance / Org Tariff",IFERROR(INDEX(Reference!$EZ$2:$EZ$1000, MATCH(M22, Reference!$EX$2:$EX$1000, 0)), "No")="Yes"),0,D22*G22) -> 280 | K22: =IF(AND(Builder!E2="Insurance / Org Tariff",IFERROR(INDEX(Reference!$EZ$2:$EZ$1000, MATCH(M22, Reference!$EX$2:$EX$1000, 0)), "No")="Yes"),0,E22*G22) -> 280 | L22: =IF(AND(Builder!E2="Insurance / Org Tariff",IFERROR(INDEX(Reference!$EZ$2:$EZ$1000, MATCH(M22, Reference!$EX$2:$EX$1000, 0)), "No")="Yes"),0,F22*G22) -> 280 | M22: BLD0009
A23: ABG (ARTERIAL BLOOD GASES) | B23: Blood Gas Analysis | C23: =IFERROR(INDEX(Reference!$CW$2:$CW$4000, MATCH(Builder!G6&"|"&M23, Reference!$CQ$2:$CQ$4000, 0)), 3.85) -> 3.8461538 | D23: =IFERROR(INDEX(Reference!$CX$2:$CX$4000, MATCH(Builder!G6&"|"&M23, Reference!$CQ$2:$CQ$4000, 0)), 1) -> 1 | E23: =IFERROR(INDEX(Reference!$CY$2:$CY$4000, MATCH(Builder!G6&"|"&M23, Reference!$CQ$2:$CQ$4000, 0)), 1) -> 1 | F23: =IFERROR(INDEX(Reference!$CZ$2:$CZ$4000, MATCH(Builder!G6&"|"&M23, Reference!$CQ$2:$CQ$4000, 0)), 1) -> 1 | G23: =IF(Builder!B4="General",0+IFERROR(INDEX(Reference!$EG$2:$EG$8000, MATCH(Builder!E5&"|"&M23, Reference!$EB$2:$EB$8000, 0)), 0),IF(Builder!B4="Twin",0+IFERROR(INDEX(Reference!$EH$2:$EH$8000, MATCH(Builder!E5&"|"&M23, Reference!$EB$2:$EB$8000, 0)), 0),0+IFERROR(INDEX(Reference!$EI$2:$EI$8000, MATCH(Builder!E5&"|"&M23, Reference!$EB$2:$EB$8000, 0)), 0))) -> 1710 | H23: =IF(AND(Builder!E2="Insurance / Org Tariff",IFERROR(INDEX(Reference!$EZ$2:$EZ$1000, MATCH(M23, Reference!$EX$2:$EX$1000, 0)), "No")="Yes"),0,E23*G23) -> 1710 | I23: Exclude | J23: =IF(AND(Builder!E2="Insurance / Org Tariff",IFERROR(INDEX(Reference!$EZ$2:$EZ$1000, MATCH(M23, Reference!$EX$2:$EX$1000, 0)), "No")="Yes"),0,D23*G23) -> 1710 | K23: =IF(AND(Builder!E2="Insurance / Org Tariff",IFERROR(INDEX(Reference!$EZ$2:$EZ$1000, MATCH(M23, Reference!$EX$2:$EX$1000, 0)), "No")="Yes"),0,E23*G23) -> 1710 | L23: =IF(AND(Builder!E2="Insurance / Org Tariff",IFERROR(INDEX(Reference!$EZ$2:$EZ$1000, MATCH(M23, Reference!$EX$2:$EX$1000, 0)), "No")="Yes"),0,F23*G23) -> 1710 | M23: BIO0064
A24: X-RAY AP VIEW (BEDSIDE) | B24: X-Ray / Fluoroscopy | C24: =IFERROR(INDEX(Reference!$CW$2:$CW$4000, MATCH(Builder!G6&"|"&M24, Reference!$CQ$2:$CQ$4000, 0)), 3.85) -> 3.8461538 | D24: =IFERROR(INDEX(Reference!$CX$2:$CX$4000, MATCH(Builder!G6&"|"&M24, Reference!$CQ$2:$CQ$4000, 0)), 1) -> 1 | E24: =IFERROR(INDEX(Reference!$CY$2:$CY$4000, MATCH(Builder!G6&"|"&M24, Reference!$CQ$2:$CQ$4000, 0)), 1) -> 1 | F24: =IFERROR(INDEX(Reference!$CZ$2:$CZ$4000, MATCH(Builder!G6&"|"&M24, Reference!$CQ$2:$CQ$4000, 0)), 1) -> 1 | G24: =IF(Builder!B4="General",0+IFERROR(INDEX(Reference!$EG$2:$EG$8000, MATCH(Builder!E5&"|"&M24, Reference!$EB$2:$EB$8000, 0)), 0),IF(Builder!B4="Twin",0+IFERROR(INDEX(Reference!$EH$2:$EH$8000, MATCH(Builder!E5&"|"&M24, Reference!$EB$2:$EB$8000, 0)), 0),0+IFERROR(INDEX(Reference!$EI$2:$EI$8000, MATCH(Builder!E5&"|"&M24, Reference!$EB$2:$EB$8000, 0)), 0))) -> 1200 | H24: =IF(AND(Builder!E2="Insurance / Org Tariff",IFERROR(INDEX(Reference!$EZ$2:$EZ$1000, MATCH(M24, Reference!$EX$2:$EX$1000, 0)), "No")="Yes"),0,E24*G24) -> 1200 | I24: Exclude | J24: =IF(AND(Builder!E2="Insurance / Org Tariff",IFERROR(INDEX(Reference!$EZ$2:$EZ$1000, MATCH(M24, Reference!$EX$2:$EX$1000, 0)), "No")="Yes"),0,D24*G24) -> 1200 | K24: =IF(AND(Builder!E2="Insurance / Org Tariff",IFERROR(INDEX(Reference!$EZ$2:$EZ$1000, MATCH(M24, Reference!$EX$2:$EX$1000, 0)), "No")="Yes"),0,E24*G24) -> 1200 | L24: =IF(AND(Builder!E2="Insurance / Org Tariff",IFERROR(INDEX(Reference!$EZ$2:$EZ$1000, MATCH(M24, Reference!$EX$2:$EX$1000, 0)), "No")="Yes"),0,F24*G24) -> 1200 | M24: XRY044
A25: PHYSIOTHERAPY CONSULTATION | B25: Consultation Charges | C25: =IFERROR(INDEX(Reference!$CW$2:$CW$4000, MATCH(Builder!G6&"|"&M25, Reference!$CQ$2:$CQ$4000, 0)), 3.85) -> 3.8461538 | D25: =IFERROR(INDEX(Reference!$CX$2:$CX$4000, MATCH(Builder!G6&"|"&M25, Reference!$CQ$2:$CQ$4000, 0)), 1) -> 1 | E25: =IFERROR(INDEX(Reference!$CY$2:$CY$4000, MATCH(Builder!G6&"|"&M25, Reference!$CQ$2:$CQ$4000, 0)), 1) -> 1 | F25: =IFERROR(INDEX(Reference!$CZ$2:$CZ$4000, MATCH(Builder!G6&"|"&M25, Reference!$CQ$2:$CQ$4000, 0)), 1) -> 1 | G25: =IF(Builder!B4="General",0+IFERROR(INDEX(Reference!$EG$2:$EG$8000, MATCH(Builder!E5&"|"&M25, Reference!$EB$2:$EB$8000, 0)), 0),IF(Builder!B4="Twin",0+IFERROR(INDEX(Reference!$EH$2:$EH$8000, MATCH(Builder!E5&"|"&M25, Reference!$EB$2:$EB$8000, 0)), 0),0+IFERROR(INDEX(Reference!$EI$2:$EI$8000, MATCH(Builder!E5&"|"&M25, Reference!$EB$2:$EB$8000, 0)), 0))) -> 1110 | H25: =IF(AND(Builder!E2="Insurance / Org Tariff",IFERROR(INDEX(Reference!$EZ$2:$EZ$1000, MATCH(M25, Reference!$EX$2:$EX$1000, 0)), "No")="Yes"),0,E25*G25) -> 1110 | I25: Exclude | J25: =IF(AND(Builder!E2="Insurance / Org Tariff",IFERROR(INDEX(Reference!$EZ$2:$EZ$1000, MATCH(M25, Reference!$EX$2:$EX$1000, 0)), "No")="Yes"),0,D25*G25) -> 1110 | K25: =IF(AND(Builder!E2="Insurance / Org Tariff",IFERROR(INDEX(Reference!$EZ$2:$EZ$1000, MATCH(M25, Reference!$EX$2:$EX$1000, 0)), "No")="Yes"),0,E25*G25) -> 1110 | L25: =IF(AND(Builder!E2="Insurance / Org Tariff",IFERROR(INDEX(Reference!$EZ$2:$EZ$1000, MATCH(M25, Reference!$EX$2:$EX$1000, 0)), "No")="Yes"),0,F25*G25) -> 1110 | M25: PHY5076
A26: CBC (COMPLETE BLOOD COUNT) | B26: Haematology Counts | C26: =IFERROR(INDEX(Reference!$CW$2:$CW$4000, MATCH(Builder!G6&"|"&M26, Reference!$CQ$2:$CQ$4000, 0)), 3.85) -> 3.8461538 | D26: =IFERROR(INDEX(Reference!$CX$2:$CX$4000, MATCH(Builder!G6&"|"&M26, Reference!$CQ$2:$CQ$4000, 0)), 1) -> 1 | E26: =IFERROR(INDEX(Reference!$CY$2:$CY$4000, MATCH(Builder!G6&"|"&M26, Reference!$CQ$2:$CQ$4000, 0)), 1) -> 1 | F26: =IFERROR(INDEX(Reference!$CZ$2:$CZ$4000, MATCH(Builder!G6&"|"&M26, Reference!$CQ$2:$CQ$4000, 0)), 1) -> 1 | G26: =IF(Builder!B4="General",0+IFERROR(INDEX(Reference!$EG$2:$EG$8000, MATCH(Builder!E5&"|"&M26, Reference!$EB$2:$EB$8000, 0)), 0),IF(Builder!B4="Twin",0+IFERROR(INDEX(Reference!$EH$2:$EH$8000, MATCH(Builder!E5&"|"&M26, Reference!$EB$2:$EB$8000, 0)), 0),0+IFERROR(INDEX(Reference!$EI$2:$EI$8000, MATCH(Builder!E5&"|"&M26, Reference!$EB$2:$EB$8000, 0)), 0))) -> 1020 | H26: =IF(AND(Builder!E2="Insurance / Org Tariff",IFERROR(INDEX(Reference!$EZ$2:$EZ$1000, MATCH(M26, Reference!$EX$2:$EX$1000, 0)), "No")="Yes"),0,E26*G26) -> 1020 | I26: Exclude | J26: =IF(AND(Builder!E2="Insurance / Org Tariff",IFERROR(INDEX(Reference!$EZ$2:$EZ$1000, MATCH(M26, Reference!$EX$2:$EX$1000, 0)), "No")="Yes"),0,D26*G26) -> 1020 | K26: =IF(AND(Builder!E2="Insurance / Org Tariff",IFERROR(INDEX(Reference!$EZ$2:$EZ$1000, MATCH(M26, Reference!$EX$2:$EX$1000, 0)), "No")="Yes"),0,E26*G26) -> 1020 | L26: =IF(AND(Builder!E2="Insurance / Org Tariff",IFERROR(INDEX(Reference!$EZ$2:$EZ$1000, MATCH(M26, Reference!$EX$2:$EX$1000, 0)), "No")="Yes"),0,F26*G26) -> 1020 | M26: PAT0078
A27: FBS (FASTING PLASMA GLUCOSE) | B27: Diabetes / Glucose Tests | C27: =IFERROR(INDEX(Reference!$CW$2:$CW$4000, MATCH(Builder!G6&"|"&M27, Reference!$CQ$2:$CQ$4000, 0)), 7.69) -> 7.6923077 | D27: =IFERROR(INDEX(Reference!$CX$2:$CX$4000, MATCH(Builder!G6&"|"&M27, Reference!$CQ$2:$CQ$4000, 0)), 1) -> 1 | E27: =IFERROR(INDEX(Reference!$CY$2:$CY$4000, MATCH(Builder!G6&"|"&M27, Reference!$CQ$2:$CQ$4000, 0)), 1) -> 1 | F27: =IFERROR(INDEX(Reference!$CZ$2:$CZ$4000, MATCH(Builder!G6&"|"&M27, Reference!$CQ$2:$CQ$4000, 0)), 1) -> 1 | G27: =IF(Builder!B4="General",0+IFERROR(INDEX(Reference!$EG$2:$EG$8000, MATCH(Builder!E5&"|"&M27, Reference!$EB$2:$EB$8000, 0)), 0),IF(Builder!B4="Twin",0+IFERROR(INDEX(Reference!$EH$2:$EH$8000, MATCH(Builder!E5&"|"&M27, Reference!$EB$2:$EB$8000, 0)), 0),0+IFERROR(INDEX(Reference!$EI$2:$EI$8000, MATCH(Builder!E5&"|"&M27, Reference!$EB$2:$EB$8000, 0)), 0))) -> 430 | H27: =IF(AND(Builder!E2="Insurance / Org Tariff",IFERROR(INDEX(Reference!$EZ$2:$EZ$1000, MATCH(M27, Reference!$EX$2:$EX$1000, 0)), "No")="Yes"),0,E27*G27) -> 430 | I27: Exclude | J27: =IF(AND(Builder!E2="Insurance / Org Tariff",IFERROR(INDEX(Reference!$EZ$2:$EZ$1000, MATCH(M27, Reference!$EX$2:$EX$1000, 0)), "No")="Yes"),0,D27*G27) -> 430 | K27: =IF(AND(Builder!E2="Insurance / Org Tariff",IFERROR(INDEX(Reference!$EZ$2:$EZ$1000, MATCH(M27, Reference!$EX$2:$EX$1000, 0)), "No")="Yes"),0,E27*G27) -> 430 | L27: =IF(AND(Builder!E2="Insurance / Org Tariff",IFERROR(INDEX(Reference!$EZ$2:$EZ$1000, MATCH(M27, Reference!$EX$2:$EX$1000, 0)), "No")="Yes"),0,F27*G27) -> 430 | M27: BIO0075
A28: POTASSIUM | B28: Renal Function / Electrolytes | C28: =IFERROR(INDEX(Reference!$CW$2:$CW$4000, MATCH(Builder!G6&"|"&M28, Reference!$CQ$2:$CQ$4000, 0)), 3.85) -> 3.8461538 | D28: =IFERROR(INDEX(Reference!$CX$2:$CX$4000, MATCH(Builder!G6&"|"&M28, Reference!$CQ$2:$CQ$4000, 0)), 1) -> 1 | E28: =IFERROR(INDEX(Reference!$CY$2:$CY$4000, MATCH(Builder!G6&"|"&M28, Reference!$CQ$2:$CQ$4000, 0)), 1) -> 1 | F28: =IFERROR(INDEX(Reference!$CZ$2:$CZ$4000, MATCH(Builder!G6&"|"&M28, Reference!$CQ$2:$CQ$4000, 0)), 1) -> 1 | G28: =IF(Builder!B4="General",0+IFERROR(INDEX(Reference!$EG$2:$EG$8000, MATCH(Builder!E5&"|"&M28, Reference!$EB$2:$EB$8000, 0)), 0),IF(Builder!B4="Twin",0+IFERROR(INDEX(Reference!$EH$2:$EH$8000, MATCH(Builder!E5&"|"&M28, Reference!$EB$2:$EB$8000, 0)), 0),0+IFERROR(INDEX(Reference!$EI$2:$EI$8000, MATCH(Builder!E5&"|"&M28, Reference!$EB$2:$EB$8000, 0)), 0))) -> 810 | H28: =IF(AND(Builder!E2="Insurance / Org Tariff",IFERROR(INDEX(Reference!$EZ$2:$EZ$1000, MATCH(M28, Reference!$EX$2:$EX$1000, 0)), "No")="Yes"),0,E28*G28) -> 810 | I28: Exclude | J28: =IF(AND(Builder!E2="Insurance / Org Tariff",IFERROR(INDEX(Reference!$EZ$2:$EZ$1000, MATCH(M28, Reference!$EX$2:$EX$1000, 0)), "No")="Yes"),0,D28*G28) -> 810 | K28: =IF(AND(Builder!E2="Insurance / Org Tariff",IFERROR(INDEX(Reference!$EZ$2:$EZ$1000, MATCH(M28, Reference!$EX$2:$EX$1000, 0)), "No")="Yes"),0,E28*G28) -> 810 | L28: =IF(AND(Builder!E2="Insurance / Org Tariff",IFERROR(INDEX(Reference!$EZ$2:$EZ$1000, MATCH(M28, Reference!$EX$2:$EX$1000, 0)), "No")="Yes"),0,F28*G28) -> 810 | M28: BIO0005
A29: BLOOD GROUP AND RH (D) TYPING | B29: Blood Bank Services | C29: =IFERROR(INDEX(Reference!$CW$2:$CW$4000, MATCH(Builder!G6&"|"&M29, Reference!$CQ$2:$CQ$4000, 0)), 3.85) -> 3.8461538 | D29: =IFERROR(INDEX(Reference!$CX$2:$CX$4000, MATCH(Builder!G6&"|"&M29, Reference!$CQ$2:$CQ$4000, 0)), 1) -> 1 | E29: =IFERROR(INDEX(Reference!$CY$2:$CY$4000, MATCH(Builder!G6&"|"&M29, Reference!$CQ$2:$CQ$4000, 0)), 1) -> 1 | F29: =IFERROR(INDEX(Reference!$CZ$2:$CZ$4000, MATCH(Builder!G6&"|"&M29, Reference!$CQ$2:$CQ$4000, 0)), 1) -> 1 | G29: =IF(Builder!B4="General",0+IFERROR(INDEX(Reference!$EG$2:$EG$8000, MATCH(Builder!E5&"|"&M29, Reference!$EB$2:$EB$8000, 0)), 0),IF(Builder!B4="Twin",0+IFERROR(INDEX(Reference!$EH$2:$EH$8000, MATCH(Builder!E5&"|"&M29, Reference!$EB$2:$EB$8000, 0)), 0),0+IFERROR(INDEX(Reference!$EI$2:$EI$8000, MATCH(Builder!E5&"|"&M29, Reference!$EB$2:$EB$8000, 0)), 0))) -> 580 | H29: =IF(AND(Builder!E2="Insurance / Org Tariff",IFERROR(INDEX(Reference!$EZ$2:$EZ$1000, MATCH(M29, Reference!$EX$2:$EX$1000, 0)), "No")="Yes"),0,E29*G29) -> 580 | I29: Exclude | J29: =IF(AND(Builder!E2="Insurance / Org Tariff",IFERROR(INDEX(Reference!$EZ$2:$EZ$1000, MATCH(M29, Reference!$EX$2:$EX$1000, 0)), "No")="Yes"),0,D29*G29) -> 580 | K29: =IF(AND(Builder!E2="Insurance / Org Tariff",IFERROR(INDEX(Reference!$EZ$2:$EZ$1000, MATCH(M29, Reference!$EX$2:$EX$1000, 0)), "No")="Yes"),0,E29*G29) -> 580 | L29: =IF(AND(Builder!E2="Insurance / Org Tariff",IFERROR(INDEX(Reference!$EZ$2:$EZ$1000, MATCH(M29, Reference!$EX$2:$EX$1000, 0)), "No")="Yes"),0,F29*G29) -> 580 | M29: BLD0001
A30: ECG | B30: ECG | C30: =IFERROR(INDEX(Reference!$CW$2:$CW$4000, MATCH(Builder!G6&"|"&M30, Reference!$CQ$2:$CQ$4000, 0)), 3.85) -> 3.8461538 | D30: =IFERROR(INDEX(Reference!$CX$2:$CX$4000, MATCH(Builder!G6&"|"&M30, Reference!$CQ$2:$CQ$4000, 0)), 1) -> 1 | E30: =IFERROR(INDEX(Reference!$CY$2:$CY$4000, MATCH(Builder!G6&"|"&M30, Reference!$CQ$2:$CQ$4000, 0)), 1) -> 1 | F30: =IFERROR(INDEX(Reference!$CZ$2:$CZ$4000, MATCH(Builder!G6&"|"&M30, Reference!$CQ$2:$CQ$4000, 0)), 1) -> 1 | G30: =IF(Builder!B4="General",0+IFERROR(INDEX(Reference!$EG$2:$EG$8000, MATCH(Builder!E5&"|"&M30, Reference!$EB$2:$EB$8000, 0)), 0),IF(Builder!B4="Twin",0+IFERROR(INDEX(Reference!$EH$2:$EH$8000, MATCH(Builder!E5&"|"&M30, Reference!$EB$2:$EB$8000, 0)), 0),0+IFERROR(INDEX(Reference!$EI$2:$EI$8000, MATCH(Builder!E5&"|"&M30, Reference!$EB$2:$EB$8000, 0)), 0))) -> 500 | H30: =IF(AND(Builder!E2="Insurance / Org Tariff",IFERROR(INDEX(Reference!$EZ$2:$EZ$1000, MATCH(M30, Reference!$EX$2:$EX$1000, 0)), "No")="Yes"),0,E30*G30) -> 500 | I30: Exclude | J30: =IF(AND(Builder!E2="Insurance / Org Tariff",IFERROR(INDEX(Reference!$EZ$2:$EZ$1000, MATCH(M30, Reference!$EX$2:$EX$1000, 0)), "No")="Yes"),0,D30*G30) -> 500 | K30: =IF(AND(Builder!E2="Insurance / Org Tariff",IFERROR(INDEX(Reference!$EZ$2:$EZ$1000, MATCH(M30, Reference!$EX$2:$EX$1000, 0)), "No")="Yes"),0,E30*G30) -> 500 | L30: =IF(AND(Builder!E2="Insurance / Org Tariff",IFERROR(INDEX(Reference!$EZ$2:$EZ$1000, MATCH(M30, Reference!$EX$2:$EX$1000, 0)), "No")="Yes"),0,F30*G30) -> 500 | M30: CAR0080
A31: CUE (COMPLETE URINE EXAMINATION) | B31: Urine Tests | C31: =IFERROR(INDEX(Reference!$CW$2:$CW$4000, MATCH(Builder!G6&"|"&M31, Reference!$CQ$2:$CQ$4000, 0)), 3.85) -> 3.8461538 | D31: =IFERROR(INDEX(Reference!$CX$2:$CX$4000, MATCH(Builder!G6&"|"&M31, Reference!$CQ$2:$CQ$4000, 0)), 1) -> 1 | E31: =IFERROR(INDEX(Reference!$CY$2:$CY$4000, MATCH(Builder!G6&"|"&M31, Reference!$CQ$2:$CQ$4000, 0)), 1) -> 1 | F31: =IFERROR(INDEX(Reference!$CZ$2:$CZ$4000, MATCH(Builder!G6&"|"&M31, Reference!$CQ$2:$CQ$4000, 0)), 1) -> 1 | G31: =IF(Builder!B4="General",0+IFERROR(INDEX(Reference!$EG$2:$EG$8000, MATCH(Builder!E5&"|"&M31, Reference!$EB$2:$EB$8000, 0)), 0),IF(Builder!B4="Twin",0+IFERROR(INDEX(Reference!$EH$2:$EH$8000, MATCH(Builder!E5&"|"&M31, Reference!$EB$2:$EB$8000, 0)), 0),0+IFERROR(INDEX(Reference!$EI$2:$EI$8000, MATCH(Builder!E5&"|"&M31, Reference!$EB$2:$EB$8000, 0)), 0))) -> 400 | H31: =IF(AND(Builder!E2="Insurance / Org Tariff",IFERROR(INDEX(Reference!$EZ$2:$EZ$1000, MATCH(M31, Reference!$EX$2:$EX$1000, 0)), "No")="Yes"),0,E31*G31) -> 400 | I31: Exclude | J31: =IF(AND(Builder!E2="Insurance / Org Tariff",IFERROR(INDEX(Reference!$EZ$2:$EZ$1000, MATCH(M31, Reference!$EX$2:$EX$1000, 0)), "No")="Yes"),0,D31*G31) -> 400 | K31: =IF(AND(Builder!E2="Insurance / Org Tariff",IFERROR(INDEX(Reference!$EZ$2:$EZ$1000, MATCH(M31, Reference!$EX$2:$EX$1000, 0)), "No")="Yes"),0,E31*G31) -> 400 | L31: =IF(AND(Builder!E2="Insurance / Org Tariff",IFERROR(INDEX(Reference!$EZ$2:$EZ$1000, MATCH(M31, Reference!$EX$2:$EX$1000, 0)), "No")="Yes"),0,F31*G31) -> 400 | M31: PAT0041
A32: PSYCHOLOGIST COUNSELLING | B32: Psychology / Counselling | C32: =IFERROR(INDEX(Reference!$CW$2:$CW$4000, MATCH(Builder!G6&"|"&M32, Reference!$CQ$2:$CQ$4000, 0)), 7.69) -> 7.6923077 | D32: =IFERROR(INDEX(Reference!$CX$2:$CX$4000, MATCH(Builder!G6&"|"&M32, Reference!$CQ$2:$CQ$4000, 0)), 1) -> 1 | E32: =IFERROR(INDEX(Reference!$CY$2:$CY$4000, MATCH(Builder!G6&"|"&M32, Reference!$CQ$2:$CQ$4000, 0)), 1) -> 1 | F32: =IFERROR(INDEX(Reference!$CZ$2:$CZ$4000, MATCH(Builder!G6&"|"&M32, Reference!$CQ$2:$CQ$4000, 0)), 1) -> 1 | G32: =IF(Builder!B4="General",0+IFERROR(INDEX(Reference!$EG$2:$EG$8000, MATCH(Builder!E5&"|"&M32, Reference!$EB$2:$EB$8000, 0)), 0),IF(Builder!B4="Twin",0+IFERROR(INDEX(Reference!$EH$2:$EH$8000, MATCH(Builder!E5&"|"&M32, Reference!$EB$2:$EB$8000, 0)), 0),0+IFERROR(INDEX(Reference!$EI$2:$EI$8000, MATCH(Builder!E5&"|"&M32, Reference!$EB$2:$EB$8000, 0)), 0))) -> 150 | H32: =IF(AND(Builder!E2="Insurance / Org Tariff",IFERROR(INDEX(Reference!$EZ$2:$EZ$1000, MATCH(M32, Reference!$EX$2:$EX$1000, 0)), "No")="Yes"),0,E32*G32) -> 150 | I32: Exclude | J32: =IF(AND(Builder!E2="Insurance / Org Tariff",IFERROR(INDEX(Reference!$EZ$2:$EZ$1000, MATCH(M32, Reference!$EX$2:$EX$1000, 0)), "No")="Yes"),0,D32*G32) -> 150 | K32: =IF(AND(Builder!E2="Insurance / Org Tariff",IFERROR(INDEX(Reference!$EZ$2:$EZ$1000, MATCH(M32, Reference!$EX$2:$EX$1000, 0)), "No")="Yes"),0,E32*G32) -> 150 | L32: =IF(AND(Builder!E2="Insurance / Org Tariff",IFERROR(INDEX(Reference!$EZ$2:$EZ$1000, MATCH(M32, Reference!$EX$2:$EX$1000, 0)), "No")="Yes"),0,F32*G32) -> 150 | M32: PSY0036
A33: X-RAY SCANOGRAM (ACADEMIC CASES) | B33: X-Ray / Fluoroscopy | C33: =IFERROR(INDEX(Reference!$CW$2:$CW$4000, MATCH(Builder!G6&"|"&M33, Reference!$CQ$2:$CQ$4000, 0)), 7.69) -> 7.6923077 | D33: =IFERROR(INDEX(Reference!$CX$2:$CX$4000, MATCH(Builder!G6&"|"&M33, Reference!$CQ$2:$CQ$4000, 0)), 1) -> 1 | E33: =IFERROR(INDEX(Reference!$CY$2:$CY$4000, MATCH(Builder!G6&"|"&M33, Reference!$CQ$2:$CQ$4000, 0)), 1) -> 1 | F33: =IFERROR(INDEX(Reference!$CZ$2:$CZ$4000, MATCH(Builder!G6&"|"&M33, Reference!$CQ$2:$CQ$4000, 0)), 1) -> 1 | G33: =IF(Builder!B4="General",0+IFERROR(INDEX(Reference!$EG$2:$EG$8000, MATCH(Builder!E5&"|"&M33, Reference!$EB$2:$EB$8000, 0)), 0),IF(Builder!B4="Twin",0+IFERROR(INDEX(Reference!$EH$2:$EH$8000, MATCH(Builder!E5&"|"&M33, Reference!$EB$2:$EB$8000, 0)), 0),0+IFERROR(INDEX(Reference!$EI$2:$EI$8000, MATCH(Builder!E5&"|"&M33, Reference!$EB$2:$EB$8000, 0)), 0))) -> 1 | H33: =IF(AND(Builder!E2="Insurance / Org Tariff",IFERROR(INDEX(Reference!$EZ$2:$EZ$1000, MATCH(M33, Reference!$EX$2:$EX$1000, 0)), "No")="Yes"),0,E33*G33) -> 1 | I33: Exclude | J33: =IF(AND(Builder!E2="Insurance / Org Tariff",IFERROR(INDEX(Reference!$EZ$2:$EZ$1000, MATCH(M33, Reference!$EX$2:$EX$1000, 0)), "No")="Yes"),0,D33*G33) -> 1 | K33: =IF(AND(Builder!E2="Insurance / Org Tariff",IFERROR(INDEX(Reference!$EZ$2:$EZ$1000, MATCH(M33, Reference!$EX$2:$EX$1000, 0)), "No")="Yes"),0,E33*G33) -> 1 | L33: =IF(AND(Builder!E2="Insurance / Org Tariff",IFERROR(INDEX(Reference!$EZ$2:$EZ$1000, MATCH(M33, Reference!$EX$2:$EX$1000, 0)), "No")="Yes"),0,F33*G33) -> 1 | M33: XRY5133

Sheet Grouped Adjustments
A1: Grouped Adjustments
A2: Grouped adjustments complete common high-presence service groups without double counting. Auto groups (>90% presence) start included; optional groups (75% to <90%) start excluded. Any selected child add-ons from the same grouping automatically reduce the grouped residual.
A4: Grouped Adjustments | B4: Low | C4: Typical | D4: High | E4: Included Rows
B5: =SUMIF(L7:L9,"Include",I7:I9) -> 6042.5 | C5: =SUMIF(L7:L9,"Include",J7:J9) -> 7280 | D5: =SUMIF(L7:L9,"Include",K7:K9) -> 7830 | E5: =COUNTIF(L7:L9,"Include") -> 3
A6: Grouping | B6: FC Bucket | C6: Group Presence Rate | D6: Group Amount P25 Exact | E6: Group Amount P50 Exact | F6: Group Amount P75 Exact | G6: Captured By Default | H6: Selected Add-On Amount | I6: Net Residual Low | J6: Net Residual Typical | K6: Net Residual High | L6: Selected | M6: Selected Amount | N6: Why
A7: Coagulation Tests | B7: Investigations | C7: 0.6154 | D7: 4722.5 | E7: 5590 | F7: 5800 | G7: 0 | H7: =IF(Builder!B5="Low",O7,IF(Builder!B5="Typical",P7,Q7)) -> 0 | I7: =MAX(0,D7-G7-O7) -> 4722.5 | J7: =MAX(0,E7-G7-P7) -> 5590 | K7: =MAX(0,F7-G7-Q7) -> 5800 | L7: Include | M7: =IF(L7="Include",IF(Builder!B5="Low",I7,IF(Builder!B5="Typical",J7,K7)),0) -> 5590 | N7: Auto common-case residual | O7: =SUMIFS('Service Add-Ons'!$J:$J,'Service Add-Ons'!$B:$B,$A7,'Service Add-Ons'!$I:$I,"Include") -> 0 | P7: =SUMIFS('Service Add-Ons'!$K:$K,'Service Add-Ons'!$B:$B,$A7,'Service Add-Ons'!$I:$I,"Include") -> 0 | Q7: =SUMIFS('Service Add-Ons'!$L:$L,'Service Add-Ons'!$B:$B,$A7,'Service Add-Ons'!$I:$I,"Include") -> 0
A8: Inflammatory Marker Tests | B8: Investigations | C8: 0.5385 | D8: 1320 | E8: 1320 | F8: 1540 | G8: 0 | H8: =IF(Builder!B5="Low",O8,IF(Builder!B5="Typical",P8,Q8)) -> 0 | I8: =MAX(0,D8-G8-O8) -> 1320 | J8: =MAX(0,E8-G8-P8) -> 1320 | K8: =MAX(0,F8-G8-Q8) -> 1540 | L8: Include | M8: =IF(L8="Include",IF(Builder!B5="Low",I8,IF(Builder!B5="Typical",J8,K8)),0) -> 1320 | N8: Auto common-case residual | O8: =SUMIFS('Service Add-Ons'!$J:$J,'Service Add-Ons'!$B:$B,$A8,'Service Add-Ons'!$I:$I,"Include") -> 0 | P8: =SUMIFS('Service Add-Ons'!$K:$K,'Service Add-Ons'!$B:$B,$A8,'Service Add-Ons'!$I:$I,"Include") -> 0 | Q8: =SUMIFS('Service Add-Ons'!$L:$L,'Service Add-Ons'!$B:$B,$A8,'Service Add-Ons'!$I:$I,"Include") -> 0
A9: Haematology Counts | B9: Investigations | C9: 1 | D9: 1710 | E9: 2080 | F9: 2200 | G9: 1710 | H9: =IF(Builder!B5="Low",O9,IF(Builder!B5="Typical",P9,Q9)) -> 0 | I9: =MAX(0,D9-G9-O9) -> 0 | J9: =MAX(0,E9-G9-P9) -> 370 | K9: =MAX(0,F9-G9-Q9) -> 490 | L9: Include | M9: =IF(L9="Include",IF(Builder!B5="Low",I9,IF(Builder!B5="Typical",J9,K9)),0) -> 370 | N9: Auto common-case residual | O9: =SUMIFS('Service Add-Ons'!$J:$J,'Service Add-Ons'!$B:$B,$A9,'Service Add-Ons'!$I:$I,"Include") -> 0 | P9: =SUMIFS('Service Add-Ons'!$K:$K,'Service Add-Ons'!$B:$B,$A9,'Service Add-Ons'!$I:$I,"Include") -> 0 | Q9: =SUMIFS('Service Add-Ons'!$L:$L,'Service Add-Ons'!$B:$B,$A9,'Service Add-Ons'!$I:$I,"Include") -> 0

Sheet Grouping Review
A1: Grouping Review
A2: This review sheet highlights only high-presence service groups where the current FC default estimate does not fully capture the group’s exact P50 case amount. It is an audit layer only and does not change estimate totals.
A4: Grouping | B4: FC Bucket | C4: Group Presence Rate | D4: Group Amount P50 Exact | E4: Captured by Default | F4: Left Out vs P50 | G4: Status
A5: Haematology Counts | B5: Investigations | C5: 1 | D5: 2080 | E5: 1710 | F5: 370 | G5: material_gap
A10: Grouping Child Detail
A11: These child rows are shown only for flagged groups so you can see what made it into the FC default and what stayed out.
A12: Grouping | B12: Item Code | C12: Item Name | D12: Presence Rate | E12: Typical Amount | F12: Made It To FC Default | G12: Why Not Default
A13: Haematology Counts | B13: PAT0042 | C13: CBP (COMPLETE BLOOD PICTURE) | D13: 0.9615 | E13: 1250 | F13: Yes | G13: default_included
A14: Haematology Counts | B14: PAT0045 | C14: HAEMOGLOBIN | D14: 0.8846 | E14: 460 | F14: Yes | G14: default_included
A15: Haematology Counts | B15: PAT0007 | C15: ESR | D15: 0.5385 | E15: 370 | F15: No | G15: below_presence_threshold
A16: Haematology Counts | B16: PAT0078 | C16: CBC (COMPLETE BLOOD COUNT) | D16: 0.0385 | E16: 545 | F16: No | G16: below_presence_threshold

Sheet Implant Selection
A1: Implant Selection | R1: Family List | S1: Brand List | T1: Item List | U1: Family | V1: Presence | W1: Qty P25 | X1: Qty P50 | Y1: Qty P75 | Z1: Rate P25 | AA1: Rate P50 | AB1: Amount P50 | AD1: Family | AE1: Brand | AF1: Presence | AG1: Qty P50 | AH1: Rate P50 | AI1: Amount P50 | AJ1: Brand Key | AK1: Family | AL1: Brand | AM1: Item Code | AN1: Item Name | AO1: Presence | AP1: Qty P50 | AQ1: Rate P50 | AR1: Amount P50
A2: Use this sheet only if you want to override the default implant estimate. | R2: All | S2: All | T2: None | U2: Femoral Component | V2: 100 | W2: 1 | X2: 1 | Y2: 1 | Z2: 36130 | AA2: 36130 | AB2: 36130 | AD2: Femoral Component | AE2: ATTUNE | AF2: 38.46 | AG2: 3 | AH2: 36136 | AI2: 108408 | AJ2: Femoral Component|ATTUNE | AK2: Femoral Component | AL2: ATTUNE | AM2: ATTM83 | AN2: ATTUNE FEMORAL C/R CEMENTED RIGHT SEZE 3(1504-00-203-DEPUY) | AO2: 11.54 | AP2: 1 | AQ2: 36136 | AR2: 36136
A3: Default P50 uses the cohort-typical implant estimate. Family, Brand, and Exact Item overrides change only the implant portion of the estimate. | R3: Femoral Component | S3: ATTUNE | T3: ATTM83 | U3: Tibial Insert / Bearing | V3: 100 | W3: 1 | X3: 1 | Y3: 1 | Z3: 13340.05 | AA3: 13340.05 | AB3: 13340.05 | AD3: Femoral Component | AE3: RESTORIS MCK | AF3: 15.38 | AG3: 3 | AH3: 33925 | AI3: 101775 | AJ3: Femoral Component|RESTORIS MCK | AK3: Femoral Component | AL3: ATTUNE | AM3: ATTM161 | AN3: ATTUNE FEMORAL COMPONENT CEMENTED CRUCIATE RETAINING RIGHT 2(1504-00-202-DEPUY SYNTHES) | AO3: 3.85 | AP3: 1 | AQ3: 36136 | AR3: 36136
A4: Implant Estimate Mode | B4: Default P50 | E4: Implants | F4: Low | G4: Typical | H4: High | R4: Tibial Insert / Bearing | S4: Accessory Hardware | T4: ATTM161 | U4: Bone Cement | V4: 100 | W4: 1 | X4: 1 | Y4: 1 | Z4: 0.1 | AA4: 0.1 | AB4: 0.1 | AD4: Femoral Component | AE4: TRIATHLON | AF4: 46.15 | AG4: 3 | AH4: 36130 | AI4: 108390 | AJ4: Femoral Component|TRIATHLON | AK4: Femoral Component | AL4: ATTUNE | AM4: ATTM97 | AN4: ATTUNE FEMORAL COMPONENT CEMENTED CRUCIATE RETAINING RIGHT 4 NARROW(1504-00-224-DEPUY SYNTHES) | AO4: 3.85 | AP4: 1 | AQ4: 36136 | AR4: 36136
A5: Selected Family | B5: All | F5: =IFERROR(INDEX(Reference!$CG$2:$CG$500, MATCH(Builder!G5, Reference!$AZ$2:$AZ$500, 0)), 0) -> 89130.078 | G5: =IFERROR(INDEX(Reference!$CH$2:$CH$500, MATCH(Builder!G5, Reference!$AZ$2:$AZ$500, 0)), 0) -> 89130.16 | H5: =IFERROR(INDEX(Reference!$CI$2:$CI$500, MATCH(Builder!G5, Reference!$AZ$2:$AZ$500, 0)), 0) -> 98838.05 | R5: Bone Cement | S5: Other | T5: ATTM97 | U5: Tibial Baseplate | V5: 96.15 | W5: 1 | X5: 1 | Y5: 1 | Z5: 33925 | AA5: 39660 | AB5: 39660 | AD5: Tibial Insert / Bearing | AE5: ATTUNE | AF5: 38.46 | AG5: 3 | AH5: 36136 | AI5: 108408 | AJ5: Tibial Insert / Bearing|ATTUNE | AK5: Femoral Component | AL5: ATTUNE | AM5: ATTM84 | AN5: ATTUNE FEMORAL COMPONENT CEMENTED CRUCIATE RETAINING RIGHT 4(1504-00-204-DEPUY SYNTHES) | AO5: 7.69 | AP5: 1 | AQ5: 36136 | AR5: 36136
A6: Selected Brand | B6: All | E6: Resolved Implant Estimate | F6: =IF(B4="Default P50",$G$5,IF(B4="Family Override",IFERROR(INDEX($AB$2:$AB$50,MATCH(B5,$U$2:$U$50,0)),$G$5),IF(B4="Brand Override",IFERROR(INDEX($AI$2:$AI$100,MATCH(B5&"|"&B6,$AJ$2:$AJ$100,0)),IFERROR(INDEX($AB$2:$AB$50,MATCH(B5,$U$2:$U$50,0)),$G$5)),IFERROR(INDEX($AR$2:$AR$200,MATCH(B7,$AM$2:$AM$200,0)),IFERROR(INDEX($AI$2:$AI$100,MATCH(B5&"|"&B6,$AJ$2:$AJ$100,0)),IFERROR(INDEX($AB$2:$AB$50,MATCH(B5,$U$2:$U$50,0)),$G$5)))))) -> 89130.16 | R6: Tibial Baseplate | S6: RESTORIS MCK | T6: ATTM84 | U6: Stem / Extension | V6: 19.23 | W6: 1 | X6: 1 | Y6: 1 | Z6: 0.02 | AA6: 0.1 | AB6: 0.1 | AD6: Tibial Insert / Bearing | AE6: RESTORIS MCK | AF6: 15.38 | AG6: 3 | AH6: 33925 | AI6: 101775 | AJ6: Tibial Insert / Bearing|RESTORIS MCK | AK6: Femoral Component | AL6: ATTUNE | AM6: ATTM85 | AN6: ATTUNE FEMORAL COMPONENT CEMENTED CRUCIATE RETAINING RIGHT 5(1504-00-205-DEPUY SYNTHES) | AO6: 7.69 | AP6: 1 | AQ6: 36136 | AR6: 36136
A7: Selected Item Code | B7: None | C7: =IF(B7="None","",IFERROR(INDEX($AN$2:$AN$200,MATCH(B7,$AM$2:$AM$200,0)),"")) | R7: Stem / Extension | S7: SIMPLEX | T7: ATTM85 | U7: Screw | V7: 7.69 | W7: 1 | X7: 1 | Y7: 1 | Z7: 312.26 | AA7: 396.62 | AB7: 396.62 | AD7: Tibial Insert / Bearing | AE7: TRIATHLON | AF7: 46.15 | AG7: 3 | AH7: 36130 | AI7: 108390 | AJ7: Tibial Insert / Bearing|TRIATHLON | AK7: Femoral Component | AL7: ATTUNE | AM7: ATTM86 | AN7: ATTUNE FEMORAL COMPONENT CEMENTED CRUCIATE RETAINING RIGHT 6(1504-00-206-DEPUY SYNTHES) | AO7: 3.85 | AP7: 1 | AQ7: 36136 | AR7: 36136
R8: Screw | S8: SMARTSET | T8: ATTM86 | U8: Pin | V8: 30.77 | W8: 1 | X8: 1 | Y8: 1 | Z8: 1406.25 | AA8: 1453.12 | AB8: 1453.12 | AD8: Bone Cement | AE8: SIMPLEX | AF8: 61.54 | AG8: 1 | AH8: 0.1 | AI8: 0.1 | AJ8: Bone Cement|SIMPLEX | AK8: Femoral Component | AL8: RESTORIS MCK | AM8: RESM71 | AN8: RESTORIS MCK FEMORAL COMPONENT RIGHT MEDIAL LEFT LATERAL KNEE 4(180514-STRYKER CORP) | AO8: 3.85 | AP8: 1 | AQ8: 36130 | AR8: 36130
R9: Pin | S9: TRIATHLON | T9: RESM71 | AD9: Bone Cement | AE9: SMARTSET | AF9: 38.46 | AG9: 1 | AH9: 5730 | AI9: 5730 | AJ9: Bone Cement|SMARTSET | AK9: Femoral Component | AL9: RESTORIS MCK | AM9: RESM68 | AN9: RESTORIS MCK FEMORAL COMPONET RM/LL SIZE-1(180511-STRYKER) | AO9: 3.85 | AP9: 1 | AQ9: 36130 | AR9: 36130
A10: Family Summary | K10: Brand View | T10: RESM68 | AD10: Tibial Baseplate | AE10: ATTUNE | AF10: 30.77 | AG10: 3 | AH10: 36136 | AI10: 108408 | AJ10: Tibial Baseplate|ATTUNE | AK10: Femoral Component | AL10: RESTORIS MCK | AM10: RESM69 | AN10: RESTORIS MCK FEMORAL COMPONET RM/LL SIZE-2(180512-STRYKER) | AO10: 3.85 | AP10: 1 | AQ10: 36130 | AR10: 36130
A11: Family | B11: Presence Rate | C11: Qty P25 | D11: Qty P50 | E11: Qty P75 | F11: Rate P25 | G11: Rate P50 | H11: Rate P75 | I11: Amount P50 | K11: Family | L11: Brand | M11: Presence Rate | N11: Qty P50 | O11: Rate P50 | P11: Amount P50 | Q11: Matches Family | T11: RESM69 | AD11: Tibial Baseplate | AE11: Other | AF11: 3.85 | AG11: 1 | AH11: 43628 | AI11: 43628 | AJ11: Tibial Baseplate|Other | AK11: Femoral Component | AL11: RESTORIS MCK | AM11: RESM70 | AN11: RESTORIS MCK FEMORAL COMPONET RM/LL SIZE-3(180513-STRYKER) | AO11: 3.85 | AP11: 1 | AQ11: 36130 | AR11: 36130
A12: Femoral Component | B12: 100 | C12: 1 | D12: 1 | E12: 1 | F12: 36130 | G12: 36130 | H12: 36136 | I12: 36130 | K12: Femoral Component | L12: ATTUNE | M12: 38.46 | N12: 3 | O12: 36136 | P12: 108408 | Q12: =IF($B$5="All","Yes",IF(K12=$B$5,"Yes","No")) -> Yes | T12: RESM70 | AD12: Tibial Baseplate | AE12: RESTORIS MCK | AF12: 15.38 | AG12: 3 | AH12: 33925 | AI12: 101775 | AJ12: Tibial Baseplate|RESTORIS MCK | AK12: Femoral Component | AL12: TRIATHLON | AM12: TRIM131 | AN12: 5510F202 TRIATHLON -CR FEM CEMENT RIGHT 2 | AO12: 15.38 | AP12: 1 | AQ12: 36130 | AR12: 36130
A13: Tibial Insert / Bearing | B13: 100 | C13: 1 | D13: 1 | E13: 1 | F13: 13340.05 | G13: 13340.05 | H13: 13344.01 | I13: 13340.05 | K13: Femoral Component | L13: RESTORIS MCK | M13: 15.38 | N13: 3 | O13: 33925 | P13: 101775 | Q13: =IF($B$5="All","Yes",IF(K13=$B$5,"Yes","No")) -> Yes | T13: TRIM131 | AD13: Tibial Baseplate | AE13: TRIATHLON | AF13: 46.15 | AG13: 3 | AH13: 36130 | AI13: 108390 | AJ13: Tibial Baseplate|TRIATHLON | AK13: Femoral Component | AL13: TRIATHLON | AM13: TRIM132 | AN13: 5510F402 TRIATHLON CR FEMORAL CEMENT RIGHT 4 | AO13: 15.38 | AP13: 1 | AQ13: 36130 | AR13: 36130
A14: Bone Cement | B14: 100 | C14: 1 | D14: 1 | E14: 1 | F14: 0.1 | G14: 0.1 | H14: 5730 | I14: 0.1 | K14: Femoral Component | L14: TRIATHLON | M14: 46.15 | N14: 3 | O14: 36130 | P14: 108390 | Q14: =IF($B$5="All","Yes",IF(K14=$B$5,"Yes","No")) -> Yes | T14: TRIM132 | AD14: Stem / Extension | AE14: ATTUNE | AF14: 3.85 | AG14: 3 | AH14: 36136 | AI14: 108408 | AJ14: Stem / Extension|ATTUNE | AK14: Femoral Component | AL14: TRIATHLON | AM14: TRIM122 | AN14: TRIATHLON CR FEMORAL CEMENT RIGHT-3(5510F302-STRYKER) | AO14: 3.85 | AP14: 1 | AQ14: 36130 | AR14: 36130
A15: Tibial Baseplate | B15: 96.15 | C15: 1 | D15: 1 | E15: 1 | F15: 33925 | G15: 39660 | H15: 43628 | I15: 39660 | K15: Tibial Insert / Bearing | L15: ATTUNE | M15: 38.46 | N15: 3 | O15: 36136 | P15: 108408 | Q15: =IF($B$5="All","Yes",IF(K15=$B$5,"Yes","No")) -> Yes | T15: TRIM122 | AD15: Stem / Extension | AE15: TRIATHLON | AF15: 15.38 | AG15: 3 | AH15: 36130 | AI15: 108390 | AJ15: Stem / Extension|TRIATHLON | AK15: Femoral Component | AL15: TRIATHLON | AM15: TRIM133 | AN15: TRIATHLON FEMORAL COMPONENT CEMENTED CRUCIATE RETAINING RIGHT TRITANIUM 5(5510-F-502-STRYKER CORP) | AO15: 3.85 | AP15: 1 | AQ15: 36130 | AR15: 36130
A16: Stem / Extension | B16: 19.23 | C16: 1 | D16: 1 | E16: 1 | F16: 0.02 | G16: 0.1 | H16: 0.1 | I16: 0.1 | K16: Tibial Insert / Bearing | L16: RESTORIS MCK | M16: 15.38 | N16: 3 | O16: 33925 | P16: 101775 | Q16: =IF($B$5="All","Yes",IF(K16=$B$5,"Yes","No")) -> Yes | T16: TRIM133 | AD16: Screw | AE16: Accessory Hardware | AF16: 7.69 | AG16: 1 | AH16: 1406.25 | AI16: 1406.25 | AJ16: Screw|Accessory Hardware | AK16: Femoral Component | AL16: TRIATHLON | AM16: TRIM108 | AN16: TRIATHLON FEMORAL COMPONENT CRUCIATE RETAINING CEMENTED PRIMARY REFERENCING RIGHT KNEE TRITANIUM 3(5510F302-STRYKER CORP) | AO16: 7.69 | AP16: 1 | AQ16: 36130 | AR16: 36130
A17: Screw | B17: 7.69 | C17: 1 | D17: 1 | E17: 1 | F17: 312.26 | G17: 396.62 | H17: 480.99 | I17: 396.62 | K17: Tibial Insert / Bearing | L17: TRIATHLON | M17: 46.15 | N17: 3 | O17: 36130 | P17: 108390 | Q17: =IF($B$5="All","Yes",IF(K17=$B$5,"Yes","No")) -> Yes | T17: TRIM108 | AD17: Pin | AE17: Accessory Hardware | AF17: 30.77 | AG17: 1 | AH17: 1406.25 | AI17: 1406.25 | AJ17: Pin|Accessory Hardware | AK17: Tibial Insert / Bearing | AL17: ATTUNE | AM17: ATTM223 | AN17: ATTUNE KNEE SYSTEM TIBIAL INSERT FIXED BEARING MEDIAL STABILIZED RIGHT SIZE 4MM*6MM(1520-20-406-DEPUY) | AO17: 3.85 | AP17: 1 | AQ17: 13344.05 | AR17: 13344.05
A18: Pin | B18: 30.77 | C18: 1 | D18: 1 | E18: 1 | F18: 1406.25 | G18: 1453.12 | H18: 1500 | I18: 1453.12 | K18: Bone Cement | L18: SIMPLEX | M18: 61.54 | N18: 1 | O18: 0.1 | P18: 0.1 | Q18: =IF($B$5="All","Yes",IF(K18=$B$5,"Yes","No")) -> Yes | T18: ATTM223 | AK18: Tibial Insert / Bearing | AL18: ATTUNE | AM18: ATTM208 | AN18: ATTUNE KNEE SYSTEM TIBIAL INSERT FIXED BEARING MEDIAL STABILIZED RIGHT SIZE AOX 6MM*6MM(1520-20-606-DEPUY) | AO18: 3.85 | AP18: 1 | AQ18: 13344.01 | AR18: 13344.01
K19: Bone Cement | L19: SMARTSET | M19: 38.46 | N19: 1 | O19: 5730 | P19: 5730 | Q19: =IF($B$5="All","Yes",IF(K19=$B$5,"Yes","No")) -> Yes | T19: ATTM208 | AK19: Tibial Insert / Bearing | AL19: ATTUNE | AM19: ATTM232 | AN19: ATTUNE KNEE SYSTEM TIBIAL INSERT FIXED BEARING MEDIAL STABILIZED RIGHTSIZE 3MM X 7MM(1520-20-307-DEPUY) | AO19: 3.85 | AP19: 1 | AQ19: 13344.05 | AR19: 13344.05
K20: Tibial Baseplate | L20: ATTUNE | M20: 30.77 | N20: 3 | O20: 36136 | P20: 108408 | Q20: =IF($B$5="All","Yes",IF(K20=$B$5,"Yes","No")) -> Yes | T20: ATTM232 | AK20: Tibial Insert / Bearing | AL20: ATTUNE | AM20: ATTM221 | AN20: ATTUNE KNEE SYSTEM TIBIAL INSERT FIXED BEARING MEDIAL STABILIZED RIGHTSIZE 5MM X 10MM(1520-20-510-DEPUY) | AO20: 3.85 | AP20: 1 | AQ20: 13344.09 | AR20: 13344.09
K21: Tibial Baseplate | L21: Other | M21: 3.85 | N21: 1 | O21: 43628 | P21: 43628 | Q21: =IF($B$5="All","Yes",IF(K21=$B$5,"Yes","No")) -> Yes | T21: ATTM221 | AK21: Tibial Insert / Bearing | AL21: ATTUNE | AM21: ATTM106 | AN21: ATTUNE TIBIAL INSERT F/B CRUCIATE RETAINING 3MM*6MM(1516-20-306-DEPUY) | AO21: 3.85 | AP21: 1 | AQ21: 13344 | AR21: 13344
K22: Tibial Baseplate | L22: RESTORIS MCK | M22: 15.38 | N22: 3 | O22: 33925 | P22: 101775 | Q22: =IF($B$5="All","Yes",IF(K22=$B$5,"Yes","No")) -> Yes | T22: ATTM106 | AK22: Tibial Insert / Bearing | AL22: ATTUNE | AM22: ATTM101 | AN22: ATTUNE TIBIAL INSERT FIXED BEARING CRUCIATE RETAINING AOX 2 6MM(1516-20-206-DEPUY SYNTHES) | AO22: 3.85 | AP22: 1 | AQ22: 13344.05 | AR22: 13344.05
K23: Tibial Baseplate | L23: TRIATHLON | M23: 46.15 | N23: 3 | O23: 36130 | P23: 108390 | Q23: =IF($B$5="All","Yes",IF(K23=$B$5,"Yes","No")) -> Yes | T23: ATTM101 | AK23: Tibial Insert / Bearing | AL23: ATTUNE | AM23: ATTM108 | AN23: ATTUNE TIBIAL INSERT FIXED BEARING CRUCIATE RETAINING AOX 3 8MM(1516-20-308-DEPUY SYNTHES) | AO23: 3.85 | AP23: 1 | AQ23: 13344 | AR23: 13344
K24: Stem / Extension | L24: ATTUNE | M24: 3.85 | N24: 3 | O24: 36136 | P24: 108408 | Q24: =IF($B$5="All","Yes",IF(K24=$B$5,"Yes","No")) -> Yes | T24: ATTM108 | AK24: Tibial Insert / Bearing | AL24: ATTUNE | AM24: ATTM110 | AN24: ATTUNE TIBIAL INSERT FIXED BEARING CRUCIATE RETAINING AOX 4 5MM(1516-20-405-DEPUY SYNTHES) | AO24: 3.85 | AP24: 1 | AQ24: 13344.01 | AR24: 13344.01
K25: Stem / Extension | L25: TRIATHLON | M25: 15.38 | N25: 3 | O25: 36130 | P25: 108390 | Q25: =IF($B$5="All","Yes",IF(K25=$B$5,"Yes","No")) -> Yes | T25: ATTM110 | AK25: Tibial Insert / Bearing | AL25: ATTUNE | AM25: ATTM111 | AN25: ATTUNE TIBIAL INSERT FIXED BEARING CRUCIATE RETAINING AOX 4 6MM(1516-20-406-DEPUY SYNTHES) | AO25: 3.85 | AP25: 1 | AQ25: 13344.01 | AR25: 13344.01
K26: Exact Item View | L26: Accessory Hardware | M26: 7.69 | N26: 1 | O26: 1406.25 | P26: 1406.25 | Q26: =IF($B$5="All","Yes",IF(K26=$B$5,"Yes","No")) -> Yes | T26: ATTM111 | AK26: Tibial Insert / Bearing | AL26: ATTUNE | AM26: ATTM115 | AN26: ATTUNE TIBIAL INSERT FIXED BEARING CRUCIATE RETAINING AOX 5 5MM(1516-20-505-DEPUY SYNTHES) | AO26: 3.85 | AP26: 1 | AQ26: 13344 | AR26: 13344
K27: Family | L27: Brand | M27: Item Code | N27: Item Name | O27: Presence Rate | P27: Qty P50 | Q27: Rate P50 | R27: Amount P50 | S27: Matches Selection | T27: ATTM115 | AK27: Tibial Insert / Bearing | AL27: RESTORIS MCK | AM27: RESM87 | AN27: 1807031 RESTORIS MCK TIBIAL INSERT 3 X 8MM | AO27: 3.85 | AP27: 2 | AQ27: 13340.05 | AR27: 26680.1
K28: Femoral Component | L28: ATTUNE | M28: ATTM83 | N28: ATTUNE FEMORAL C/R CEMENTED RIGHT SEZE 3(1504-00-203-DEPUY) | O28: 11.54 | P28: 1 | Q28: 36136 | R28: 36136 | S28: =IF($B$5="All","Yes",IF($B$6="All",IF(K28=$B$5,"Yes","No"),IF(AND(K28=$B$5,L28=$B$6),"Yes","No"))) -> Yes | T28: RESM87 | AK28: Tibial Insert / Bearing | AL28: RESTORIS MCK | AM28: MCKM01 | AN28: MCK ONLAY TIBIAL INSERT SIZE 1MM*9MM(180701-2-STRYKER) | AO28: 3.85 | AP28: 1 | AQ28: 13340.05 | AR28: 13340.05
K29: Femoral Component | L29: ATTUNE | M29: ATTM161 | N29: ATTUNE FEMORAL COMPONENT CEMENTED CRUCIATE RETAINING RIGHT 2(1504-00-202-DEPUY SYNTHES) | O29: 3.85 | P29: 1 | Q29: 36136 | R29: 36136 | S29: =IF($B$5="All","Yes",IF($B$6="All",IF(K29=$B$5,"Yes","No"),IF(AND(K29=$B$5,L29=$B$6),"Yes","No"))) -> Yes | T29: MCKM01 | AK29: Tibial Insert / Bearing | AL29: RESTORIS MCK | AM29: RESM100 | AN29: RESTORIS MCK TIBIAL ONLAY INSERT SIZE-2MM*09MM(180702-2-STRYKER) | AO29: 3.85 | AP29: 1 | AQ29: 13340.05 | AR29: 13340.05
K30: Femoral Component | L30: ATTUNE | M30: ATTM97 | N30: ATTUNE FEMORAL COMPONENT CEMENTED CRUCIATE RETAINING RIGHT 4 NARROW(1504-00-224-DEPUY SYNTHES) | O30: 3.85 | P30: 1 | Q30: 36136 | R30: 36136 | S30: =IF($B$5="All","Yes",IF($B$6="All",IF(K30=$B$5,"Yes","No"),IF(AND(K30=$B$5,L30=$B$6),"Yes","No"))) -> Yes | T30: RESM100 | AK30: Tibial Insert / Bearing | AL30: RESTORIS MCK | AM30: RESM88 | AN30: RESTORIS TIBIAL INSERT MULTI COMPARTMENTAL ONLAY KNEE 4 9MM(180704-2-STRYKER CORP) | AO30: 3.85 | AP30: 1 | AQ30: 13339.5 | AR30: 13339.5
K31: Femoral Component | L31: ATTUNE | M31: ATTM84 | N31: ATTUNE FEMORAL COMPONENT CEMENTED CRUCIATE RETAINING RIGHT 4(1504-00-204-DEPUY SYNTHES) | O31: 7.69 | P31: 1 | Q31: 36136 | R31: 36136 | S31: =IF($B$5="All","Yes",IF($B$6="All",IF(K31=$B$5,"Yes","No"),IF(AND(K31=$B$5,L31=$B$6),"Yes","No"))) -> Yes | T31: RESM88 | AK31: Tibial Insert / Bearing | AL31: TRIATHLON | AM31: TRIM157 | AN31: 5531G409E TRIATHLON X3 TIBIAL BEARING INSERT CS 4 X 9 MM | AO31: 3.85 | AP31: 1 | AQ31: 13340.05 | AR31: 13340.05
K32: Femoral Component | L32: ATTUNE | M32: ATTM85 | N32: ATTUNE FEMORAL COMPONENT CEMENTED CRUCIATE RETAINING RIGHT 5(1504-00-205-DEPUY SYNTHES) | O32: 7.69 | P32: 1 | Q32: 36136 | R32: 36136 | S32: =IF($B$5="All","Yes",IF($B$6="All",IF(K32=$B$5,"Yes","No"),IF(AND(K32=$B$5,L32=$B$6),"Yes","No"))) -> Yes | T32: TRIM157 | AK32: Tibial Insert / Bearing | AL32: TRIATHLON | AM32: TRIM153 | AN32: TRIATHLON INSERT CS X3 2*11MM(5531G211-STRYKER) | AO32: 11.54 | AP32: 1 | AQ32: 13340.05 | AR32: 13340.05
K33: Femoral Component | L33: ATTUNE | M33: ATTM86 | N33: ATTUNE FEMORAL COMPONENT CEMENTED CRUCIATE RETAINING RIGHT 6(1504-00-206-DEPUY SYNTHES) | O33: 3.85 | P33: 1 | Q33: 36136 | R33: 36136 | S33: =IF($B$5="All","Yes",IF($B$6="All",IF(K33=$B$5,"Yes","No"),IF(AND(K33=$B$5,L33=$B$6),"Yes","No"))) -> Yes | T33: TRIM153 | AK33: Tibial Insert / Bearing | AL33: TRIATHLON | AM33: TRIM151 | AN33: TRIATHLON INSERT CS X31MM*11MM(5531G111-STRYKER) | AO33: 3.85 | AP33: 1 | AQ33: 13340.05 | AR33: 13340.05
K34: Femoral Component | L34: RESTORIS MCK | M34: RESM71 | N34: RESTORIS MCK FEMORAL COMPONENT RIGHT MEDIAL LEFT LATERAL KNEE 4(180514-STRYKER CORP) | O34: 3.85 | P34: 1 | Q34: 36130 | R34: 36130 | S34: =IF($B$5="All","Yes",IF($B$6="All",IF(K34=$B$5,"Yes","No"),IF(AND(K34=$B$5,L34=$B$6),"Yes","No"))) -> Yes | T34: TRIM151 | AK34: Tibial Insert / Bearing | AL34: TRIATHLON | AM34: TRIM355 | AN34: TRIATHLON TIBIAL INSERT CRUCIATE STABILIZED BEARING KNEE X3 3 10MM(5531-G-310-E-STRYKER CORP) | AO34: 3.85 | AP34: 1 | AQ34: 13340 | AR34: 13340
K35: Femoral Component | L35: RESTORIS MCK | M35: RESM68 | N35: RESTORIS MCK FEMORAL COMPONET RM/LL SIZE-1(180511-STRYKER) | O35: 3.85 | P35: 1 | Q35: 36130 | R35: 36130 | S35: =IF($B$5="All","Yes",IF($B$6="All",IF(K35=$B$5,"Yes","No"),IF(AND(K35=$B$5,L35=$B$6),"Yes","No"))) -> Yes | T35: TRIM355 | AK35: Tibial Insert / Bearing | AL35: TRIATHLON | AM35: TRIM358 | AN35: TRIATHLON TIBIAL INSERT CRUCIATE STABILIZED BEARING KNEE X3 5 10MM(5531-G-510-E-STRYKER CORP) | AO35: 3.85 | AP35: 1 | AQ35: 13340.05 | AR35: 13340.05
K36: Femoral Component | L36: RESTORIS MCK | M36: RESM69 | N36: RESTORIS MCK FEMORAL COMPONET RM/LL SIZE-2(180512-STRYKER) | O36: 3.85 | P36: 1 | Q36: 36130 | R36: 36130 | S36: =IF($B$5="All","Yes",IF($B$6="All",IF(K36=$B$5,"Yes","No"),IF(AND(K36=$B$5,L36=$B$6),"Yes","No"))) -> Yes | T36: TRIM358 | AK36: Tibial Insert / Bearing | AL36: TRIATHLON | AM36: TRIM114 | AN36: TRIATHLON TIBIAL INSERT CRUCIATE SUBSTITUTING BEARING KNEE X3 2 9MM(5531-G-209-E-STRYKER CORP) | AO36: 3.85 | AP36: 1 | AQ36: 13340.05 | AR36: 13340.05
K37: Femoral Component | L37: RESTORIS MCK | M37: RESM70 | N37: RESTORIS MCK FEMORAL COMPONET RM/LL SIZE-3(180513-STRYKER) | O37: 3.85 | P37: 1 | Q37: 36130 | R37: 36130 | S37: =IF($B$5="All","Yes",IF($B$6="All",IF(K37=$B$5,"Yes","No"),IF(AND(K37=$B$5,L37=$B$6),"Yes","No"))) -> Yes | T37: TRIM114 | AK37: Tibial Insert / Bearing | AL37: TRIATHLON | AM37: TRIM158 | AN37: TRIATHLON TIBIAL INSERT CRUCIATE SUBSTITUTING BEARING KNEE X3 4 11MM(5531-G-411-E-STRYKER CORP) | AO37: 3.85 | AP37: 1 | AQ37: 13340.05 | AR37: 13340.05
K38: Femoral Component | L38: TRIATHLON | M38: TRIM131 | N38: 5510F202 TRIATHLON -CR FEM CEMENT RIGHT 2 | O38: 15.38 | P38: 1 | Q38: 36130 | R38: 36130 | S38: =IF($B$5="All","Yes",IF($B$6="All",IF(K38=$B$5,"Yes","No"),IF(AND(K38=$B$5,L38=$B$6),"Yes","No"))) -> Yes | T38: TRIM158 | AK38: Tibial Insert / Bearing | AL38: TRIATHLON | AM38: TRIM110 | AN38: TRIATHLON X3 TIBIAL BEARING INSERT CS SIZE-3*9MM(5531G309E-STRYKER) | AO38: 11.54 | AP38: 1 | AQ38: 13340.05 | AR38: 13340.05
K39: Femoral Component | L39: TRIATHLON | M39: TRIM132 | N39: 5510F402 TRIATHLON CR FEMORAL CEMENT RIGHT 4 | O39: 15.38 | P39: 1 | Q39: 36130 | R39: 36130 | S39: =IF($B$5="All","Yes",IF($B$6="All",IF(K39=$B$5,"Yes","No"),IF(AND(K39=$B$5,L39=$B$6),"Yes","No"))) -> Yes | T39: TRIM110 | AK39: Bone Cement | AL39: SIMPLEX | AM39: SIMM01 | AN39: SIMPLEX BONE CEMENT 40 GR [6191-0-001] | AO39: 3.85 | AP39: 1 | AQ39: 0.02 | AR39: 0.02
... K64: Tibial Insert / Bearing | L64: TRIATHLON | M64: TRIM110 | N64: TRIATHLON X3 TIBIAL BEARING INSERT CS SIZE-3*9MM(5531G309E-STRYKER) | O64: 11.54 | P64: 1 | Q64: 13340.05 | R64: 13340.05 | S64: =IF($B$5="All","Yes",IF($B$6="All",IF(K64=$B$5,"Yes","No"),IF(AND(K64=$B$5,L64=$B$6),"Yes","No"))) -> Yes | T64: ARRU07 | AK64: Pin | AL64: Accessory Hardware | AM64: BONM229 | AN64: BONE PIN 3.2MM*140MM(143140/213527-STRYKER) | AO64: 3.85 | AP64: 1 | AQ64: 30768.75 | AR64: 30768.75
K65: Bone Cement | L65: SIMPLEX | M65: SIMM01 | N65: SIMPLEX BONE CEMENT 40 GR [6191-0-001] | O65: 3.85 | P65: 1 | Q65: 0.02 | R65: 0.02 | S65: =IF($B$5="All","Yes",IF($B$6="All",IF(K65=$B$5,"Yes","No"),IF(AND(K65=$B$5,L65=$B$6),"Yes","No"))) -> Yes | T65: BONM229
K66: Bone Cement | L66: SIMPLEX | M66: BONM151 | N66: SIMPLEX P BONE CEMENT 40GM(6191-0-001-STRYKER CORP) | O66: 23.08 | P66: 1 | Q66: 0.1 | R66: 0.1 | S66: =IF($B$5="All","Yes",IF($B$6="All",IF(K66=$B$5,"Yes","No"),IF(AND(K66=$B$5,L66=$B$6),"Yes","No"))) -> Yes
K67: Bone Cement | L67: SIMPLEX | M67: SIMM30 | N67: SIMPLEX PALCOS BONE CEMENT(61910001-STRYKER) | O67: 34.62 | P67: 1 | Q67: 0.1 | R67: 0.1 | S67: =IF($B$5="All","Yes",IF($B$6="All",IF(K67=$B$5,"Yes","No"),IF(AND(K67=$B$5,L67=$B$6),"Yes","No"))) -> Yes
K68: Bone Cement | L68: SMARTSET | M68: SMAM40 | N68: SMART SET GHV GENTAMICIAN 40GRM(3095-040-DEPUY) | O68: 38.46 | P68: 1 | Q68: 5730 | R68: 5730 | S68: =IF($B$5="All","Yes",IF($B$6="All",IF(K68=$B$5,"Yes","No"),IF(AND(K68=$B$5,L68=$B$6),"Yes","No"))) -> Yes
K69: Tibial Baseplate | L69: ATTUNE | M69: ATTM169 | N69: ATTUNE KNEE SYSTEM REVISION TIBIAL BASE FIXED BEARING CEMENTED SIZE 2MM(1506-40-002-DEPUY) | O69: 7.69 | P69: 1 | Q69: 43628 | R69: 43628 | S69: =IF($B$5="All","Yes",IF($B$6="All",IF(K69=$B$5,"Yes","No"),IF(AND(K69=$B$5,L69=$B$6),"Yes","No"))) -> Yes
K70: Tibial Baseplate | L70: ATTUNE | M70: ATTM138 | N70: ATTUNE TIBIAL BASEPLATE FIXED BEARING CEMENTED 4MM(1506-70-004-JOHNSON & JOHNSON) | O70: 3.85 | P70: 1 | Q70: 23742 | R70: 23742 | S70: =IF($B$5="All","Yes",IF($B$6="All",IF(K70=$B$5,"Yes","No"),IF(AND(K70=$B$5,L70=$B$6),"Yes","No"))) -> Yes
K71: Tibial Baseplate | L71: ATTUNE | M71: ATTM27 | N71: ATTUNE TIBIAL BASEPLATE FIXED BEARING CEMENTED 5MM(1506-70-005-DEPUY SYNTHES) | O71: 3.85 | P71: 1 | Q71: 23742 | R71: 23742 | S71: =IF($B$5="All","Yes",IF($B$6="All",IF(K71=$B$5,"Yes","No"),IF(AND(K71=$B$5,L71=$B$6),"Yes","No"))) -> Yes
K72: Tibial Baseplate | L72: ATTUNE | M72: ATTM168 | N72: ATTUNE TIBIAL BASEPLATE FIXED BEARING REVISION CEMENTED CONSTRAINED KNEE 3(1506-40-003-DEPUY SYNTHES) | O72: 15.38 | P72: 1 | Q72: 43628 | R72: 43628 | S72: =IF($B$5="All","Yes",IF($B$6="All",IF(K72=$B$5,"Yes","No"),IF(AND(K72=$B$5,L72=$B$6),"Yes","No"))) -> Yes
K73: Tibial Baseplate | L73: Other | M73: ATTM176 | N73: ORTHOPAEDIC BEARING TIBIAL BASE FIXED CEMENTED KNEE SYSTEM REVISION 6MM(1506-40-006-DEPUY SYNTHES) | O73: 3.85 | P73: 1 | Q73: 43628 | R73: 43628 | S73: =IF($B$5="All","Yes",IF($B$6="All",IF(K73=$B$5,"Yes","No"),IF(AND(K73=$B$5,L73=$B$6),"Yes","No"))) -> Yes
K74: Tibial Baseplate | L74: RESTORIS MCK | M74: RESM79 | N74: RESTORIS MCK TIBIAL BASE PLATE RM/LL SIZE-1(180611-STRYKER) | O74: 3.85 | P74: 1 | Q74: 33924.98 | R74: 33924.98 | S74: =IF($B$5="All","Yes",IF($B$6="All",IF(K74=$B$5,"Yes","No"),IF(AND(K74=$B$5,L74=$B$6),"Yes","No"))) -> Yes
K75: Tibial Baseplate | L75: RESTORIS MCK | M75: RESM80 | N75: RESTORIS MCK TIBIAL BASE PLATE RM/LL SIZE-2(180612-STRYKER) | O75: 3.85 | P75: 1 | Q75: 33925 | R75: 33925 | S75: =IF($B$5="All","Yes",IF($B$6="All",IF(K75=$B$5,"Yes","No"),IF(AND(K75=$B$5,L75=$B$6),"Yes","No"))) -> Yes
K76: Tibial Baseplate | L76: RESTORIS MCK | M76: RESM81 | N76: RESTORIS MCK TIBIAL BASE PLATE RM/LL SIZE-3(180613-STRYKER) | O76: 3.85 | P76: 1 | Q76: 33925 | R76: 33925 | S76: =IF($B$5="All","Yes",IF($B$6="All",IF(K76=$B$5,"Yes","No"),IF(AND(K76=$B$5,L76=$B$6),"Yes","No"))) -> Yes
K77: Tibial Baseplate | L77: RESTORIS MCK | M77: RESM82 | N77: RESTORIS MCK TIBIAL BASEPLATE ONLAY RIGHT MEDIAL LEFT LATERAL 4(180614-STRYKER CORP) | O77: 3.85 | P77: 1 | Q77: 33925 | R77: 33925 | S77: =IF($B$5="All","Yes",IF($B$6="All",IF(K77=$B$5,"Yes","No"),IF(AND(K77=$B$5,L77=$B$6),"Yes","No"))) -> Yes
... K90: Pin | L90: Accessory Hardware | M90: BONM229 | N90: BONE PIN 3.2MM*140MM(143140/213527-STRYKER) | O90: 3.85 | P90: 1 | Q90: 30768.75 | R90: 30768.75 | S90: =IF($B$5="All","Yes",IF($B$6="All",IF(K90=$B$5,"Yes","No"),IF(AND(K90=$B$5,L90=$B$6),"Yes","No"))) -> Yes

Sheet Estimate Breakdown
A1: Estimate Breakdown
A2: This sheet shows the currently selected estimate only. Use Line Item Detail if you need the full low / typical / high mechanics.
A3: Line Item | B3: Summary Bucket | C3: Sub-Bucket | D3: Source Type | E3: How Calculated | F3: Included? | G3: Selected Quantity | H3: Selected Room | I3: Selected Rate | J3: Selected Amount
A4: Room Charges
A5: ='Line Item Detail'!A3 -> Nursing - Room | B5: Room Charges | C5: ='Line Item Detail'!C3 -> Ward Care | D5: ='Line Item Detail'!D3 -> Logic | E5: ='Line Item Detail'!E3 -> Ward days x rate | F5: =IF(AND(Builder!E2="Insurance / Org Tariff",IFERROR(INDEX(Reference!$EZ$2:$EZ$1000, MATCH('Line Item Detail'!F3, Reference!$EX$2:$EX$1000, 0)), "No")="Yes"),"Excluded for Insurance",IF('Line Item Detail'!D3="Grouped Residual",IF((IF(Builder!B4="General",'Line Item Detail'!W3,IF(Builder!B4="Twin",'Line Item Detail'!X3,'Line Item Detail'!Y3)))=0,"Excluded","Included"),"Included")) -> Included | G5: =IF('Line Item Detail'!D3="Grouped Residual","",'Line Item Detail'!G3) -> 1 | H5: =Builder!B4 -> Single | I5: =IF('Line Item Detail'!D3="Grouped Residual",IF((IF(Builder!B4="General",'Line Item Detail'!W3,IF(Builder!B4="Twin",'Line Item Detail'!X3,'Line Item Detail'!Y3)))=0,"",IF(Builder!B4="General",'Line Item Detail'!K3,IF(Builder!B4="Twin",'Line Item Detail'!L3,'Line Item Detail'!M3))),IF(Builder!B4="General",'Line Item Detail'!K3,IF(Builder!B4="Twin",'Line Item Detail'!L3,'Line Item Detail'!M3))) -> 1200 | J5: =IF(Builder!B4="General",'Line Item Detail'!W3,IF(Builder!B4="Twin",'Line Item Detail'!X3,'Line Item Detail'!Y3)) -> 1200
A6: ='Line Item Detail'!A4 -> Nursing - ICU | B6: Room Charges | C6: ='Line Item Detail'!C4 -> Critical Care | D6: ='Line Item Detail'!D4 -> Logic | E6: ='Line Item Detail'!E4 -> ICU days x rate | F6: =IF(AND(Builder!E2="Insurance / Org Tariff",IFERROR(INDEX(Reference!$EZ$2:$EZ$1000, MATCH('Line Item Detail'!F4, Reference!$EX$2:$EX$1000, 0)), "No")="Yes"),"Excluded for Insurance",IF('Line Item Detail'!D4="Grouped Residual",IF((IF(Builder!B4="General",'Line Item Detail'!W4,IF(Builder!B4="Twin",'Line Item Detail'!X4,'Line Item Detail'!Y4)))=0,"Excluded","Included"),"Included")) -> Included | G6: =IF('Line Item Detail'!D4="Grouped Residual","",'Line Item Detail'!G4) -> 2 | H6: =Builder!B4 -> Single | I6: =IF('Line Item Detail'!D4="Grouped Residual",IF((IF(Builder!B4="General",'Line Item Detail'!W4,IF(Builder!B4="Twin",'Line Item Detail'!X4,'Line Item Detail'!Y4)))=0,"",IF(Builder!B4="General",'Line Item Detail'!K4,IF(Builder!B4="Twin",'Line Item Detail'!L4,'Line Item Detail'!M4))),IF(Builder!B4="General",'Line Item Detail'!K4,IF(Builder!B4="Twin",'Line Item Detail'!L4,'Line Item Detail'!M4))) -> 1200 | J6: =IF(Builder!B4="General",'Line Item Detail'!W4,IF(Builder!B4="Twin",'Line Item Detail'!X4,'Line Item Detail'!Y4)) -> 2400
A7: ='Line Item Detail'!A5 -> DMO | B7: Room Charges | C7: ='Line Item Detail'!C5 -> Ward Care | D7: ='Line Item Detail'!D5 -> Logic | E7: ='Line Item Detail'!E5 -> Ward days x rate | F7: =IF(AND(Builder!E2="Insurance / Org Tariff",IFERROR(INDEX(Reference!$EZ$2:$EZ$1000, MATCH('Line Item Detail'!F5, Reference!$EX$2:$EX$1000, 0)), "No")="Yes"),"Excluded for Insurance",IF('Line Item Detail'!D5="Grouped Residual",IF((IF(Builder!B4="General",'Line Item Detail'!W5,IF(Builder!B4="Twin",'Line Item Detail'!X5,'Line Item Detail'!Y5)))=0,"Excluded","Included"),"Included")) -> Included | G7: =IF('Line Item Detail'!D5="Grouped Residual","",'Line Item Detail'!G5) -> 1 | H7: =Builder!B4 -> Single | I7: =IF('Line Item Detail'!D5="Grouped Residual",IF((IF(Builder!B4="General",'Line Item Detail'!W5,IF(Builder!B4="Twin",'Line Item Detail'!X5,'Line Item Detail'!Y5)))=0,"",IF(Builder!B4="General",'Line Item Detail'!K5,IF(Builder!B4="Twin",'Line Item Detail'!L5,'Line Item Detail'!M5))),IF(Builder!B4="General",'Line Item Detail'!K5,IF(Builder!B4="Twin",'Line Item Detail'!L5,'Line Item Detail'!M5))) -> 1250 | J7: =IF(Builder!B4="General",'Line Item Detail'!W5,IF(Builder!B4="Twin",'Line Item Detail'!X5,'Line Item Detail'!Y5)) -> 1250
A8: ='Line Item Detail'!A6 -> ICU - Surgical | B8: Room Charges | C8: ='Line Item Detail'!C6 -> Critical Care | D8: ='Line Item Detail'!D6 -> Logic | E8: ='Line Item Detail'!E6 -> ICU days x rate | F8: =IF(AND(Builder!E2="Insurance / Org Tariff",IFERROR(INDEX(Reference!$EZ$2:$EZ$1000, MATCH('Line Item Detail'!F6, Reference!$EX$2:$EX$1000, 0)), "No")="Yes"),"Excluded for Insurance",IF('Line Item Detail'!D6="Grouped Residual",IF((IF(Builder!B4="General",'Line Item Detail'!W6,IF(Builder!B4="Twin",'Line Item Detail'!X6,'Line Item Detail'!Y6)))=0,"Excluded","Included"),"Included")) -> Included | G8: =IF('Line Item Detail'!D6="Grouped Residual","",'Line Item Detail'!G6) -> 2 | H8: =Builder!B4 -> Single | I8: =IF('Line Item Detail'!D6="Grouped Residual",IF((IF(Builder!B4="General",'Line Item Detail'!W6,IF(Builder!B4="Twin",'Line Item Detail'!X6,'Line Item Detail'!Y6)))=0,"",IF(Builder!B4="General",'Line Item Detail'!K6,IF(Builder!B4="Twin",'Line Item Detail'!L6,'Line Item Detail'!M6))),IF(Builder!B4="General",'Line Item Detail'!K6,IF(Builder!B4="Twin",'Line Item Detail'!L6,'Line Item Detail'!M6))) -> 10500 | J8: =IF(Builder!B4="General",'Line Item Detail'!W6,IF(Builder!B4="Twin",'Line Item Detail'!X6,'Line Item Detail'!Y6)) -> 21000
A9: ='Line Item Detail'!A7 -> Bed Charges - Ward | B9: Room Charges | C9: ='Line Item Detail'!C7 -> Ward Care | D9: ='Line Item Detail'!D7 -> Logic | E9: ='Line Item Detail'!E7 -> Ward days x room rate | F9: =IF(AND(Builder!E2="Insurance / Org Tariff",IFERROR(INDEX(Reference!$EZ$2:$EZ$1000, MATCH('Line Item Detail'!F7, Reference!$EX$2:$EX$1000, 0)), "No")="Yes"),"Excluded for Insurance",IF('Line Item Detail'!D7="Grouped Residual",IF((IF(Builder!B4="General",'Line Item Detail'!W7,IF(Builder!B4="Twin",'Line Item Detail'!X7,'Line Item Detail'!Y7)))=0,"Excluded","Included"),"Included")) -> Included | G9: =IF('Line Item Detail'!D7="Grouped Residual","",'Line Item Detail'!G7) -> 1 | H9: =Builder!B4 -> Single | I9: =IF('Line Item Detail'!D7="Grouped Residual",IF((IF(Builder!B4="General",'Line Item Detail'!W7,IF(Builder!B4="Twin",'Line Item Detail'!X7,'Line Item Detail'!Y7)))=0,"",IF(Builder!B4="General",'Line Item Detail'!K7,IF(Builder!B4="Twin",'Line Item Detail'!L7,'Line Item Detail'!M7))),IF(Builder!B4="General",'Line Item Detail'!K7,IF(Builder!B4="Twin",'Line Item Detail'!L7,'Line Item Detail'!M7))) -> 7680 | J9: =IF(Builder!B4="General",'Line Item Detail'!W7,IF(Builder!B4="Twin",'Line Item Detail'!X7,'Line Item Detail'!Y7)) -> 7680
A10: ='Line Item Detail'!A19 -> Intensivist Per Day | B10: Room Charges | C10: ='Line Item Detail'!C19 -> Critical Care | D10: ='Line Item Detail'!D19 -> Logic | E10: ='Line Item Detail'!E19 -> ICU days x rate | F10: =IF(AND(Builder!E2="Insurance / Org Tariff",IFERROR(INDEX(Reference!$EZ$2:$EZ$1000, MATCH('Line Item Detail'!F19, Reference!$EX$2:$EX$1000, 0)), "No")="Yes"),"Excluded for Insurance",IF('Line Item Detail'!D19="Grouped Residual",IF((IF(Builder!B4="General",'Line Item Detail'!W19,IF(Builder!B4="Twin",'Line Item Detail'!X19,'Line Item Detail'!Y19)))=0,"Excluded","Included"),"Included")) -> Included | G10: =IF('Line Item Detail'!D19="Grouped Residual","",'Line Item Detail'!G19) -> 2 | H10: =Builder!B4 -> Single | I10: =IF('Line Item Detail'!D19="Grouped Residual",IF((IF(Builder!B4="General",'Line Item Detail'!W19,IF(Builder!B4="Twin",'Line Item Detail'!X19,'Line Item Detail'!Y19)))=0,"",IF(Builder!B4="General",'Line Item Detail'!K19,IF(Builder!B4="Twin",'Line Item Detail'!L19,'Line Item Detail'!M19))),IF(Builder!B4="General",'Line Item Detail'!K19,IF(Builder!B4="Twin",'Line Item Detail'!L19,'Line Item Detail'!M19))) -> 3000 | J10: =IF(Builder!B4="General",'Line Item Detail'!W19,IF(Builder!B4="Twin",'Line Item Detail'!X19,'Line Item Detail'!Y19)) -> 6000
A11: ='Line Item Detail'!A20 -> Assistant Intensivist Per Day | B11: Room Charges | C11: ='Line Item Detail'!C20 -> Critical Care | D11: ='Line Item Detail'!D20 -> Logic | E11: ='Line Item Detail'!E20 -> ICU days x rate | F11: =IF(AND(Builder!E2="Insurance / Org Tariff",IFERROR(INDEX(Reference!$EZ$2:$EZ$1000, MATCH('Line Item Detail'!F20, Reference!$EX$2:$EX$1000, 0)), "No")="Yes"),"Excluded for Insurance",IF('Line Item Detail'!D20="Grouped Residual",IF((IF(Builder!B4="General",'Line Item Detail'!W20,IF(Builder!B4="Twin",'Line Item Detail'!X20,'Line Item Detail'!Y20)))=0,"Excluded","Included"),"Included")) -> Included | G11: =IF('Line Item Detail'!D20="Grouped Residual","",'Line Item Detail'!G20) -> 2 | H11: =Builder!B4 -> Single | I11: =IF('Line Item Detail'!D20="Grouped Residual",IF((IF(Builder!B4="General",'Line Item Detail'!W20,IF(Builder!B4="Twin",'Line Item Detail'!X20,'Line Item Detail'!Y20)))=0,"",IF(Builder!B4="General",'Line Item Detail'!K20,IF(Builder!B4="Twin",'Line Item Detail'!L20,'Line Item Detail'!M20))),IF(Builder!B4="General",'Line Item Detail'!K20,IF(Builder!B4="Twin",'Line Item Detail'!L20,'Line Item Detail'!M20))) -> 1500 | J11: =IF(Builder!B4="General",'Line Item Detail'!W20,IF(Builder!B4="Twin",'Line Item Detail'!X20,'Line Item Detail'!Y20)) -> 3000
A12: ='Line Item Detail'!A21 -> Ward Consumables | B12: Room Charges | C12: ='Line Item Detail'!C21 -> Ward Care | D12: ='Line Item Detail'!D21 -> Logic | E12: ='Line Item Detail'!E21 -> LOS days x rate | F12: =IF(AND(Builder!E2="Insurance / Org Tariff",IFERROR(INDEX(Reference!$EZ$2:$EZ$1000, MATCH('Line Item Detail'!F21, Reference!$EX$2:$EX$1000, 0)), "No")="Yes"),"Excluded for Insurance",IF('Line Item Detail'!D21="Grouped Residual",IF((IF(Builder!B4="General",'Line Item Detail'!W21,IF(Builder!B4="Twin",'Line Item Detail'!X21,'Line Item Detail'!Y21)))=0,"Excluded","Included"),"Included")) -> Included | G12: =IF('Line Item Detail'!D21="Grouped Residual","",'Line Item Detail'!G21) -> 3 | H12: =Builder!B4 -> Single | I12: =IF('Line Item Detail'!D21="Grouped Residual",IF((IF(Builder!B4="General",'Line Item Detail'!W21,IF(Builder!B4="Twin",'Line Item Detail'!X21,'Line Item Detail'!Y21)))=0,"",IF(Builder!B4="General",'Line Item Detail'!K21,IF(Builder!B4="Twin",'Line Item Detail'!L21,'Line Item Detail'!M21))),IF(Builder!B4="General",'Line Item Detail'!K21,IF(Builder!B4="Twin",'Line Item Detail'!L21,'Line Item Detail'!M21))) -> 350 | J12: =IF(Builder!B4="General",'Line Item Detail'!W21,IF(Builder!B4="Twin",'Line Item Detail'!X21,'Line Item Detail'!Y21)) -> 1050
A13: ='Line Item Detail'!A23 -> Monitor Per Day | B13: Room Charges | C13: ='Line Item Detail'!C23 -> Critical Care | D13: ='Line Item Detail'!D23 -> Logic | E13: ='Line Item Detail'!E23 -> ICU days x rate | F13: =IF(AND(Builder!E2="Insurance / Org Tariff",IFERROR(INDEX(Reference!$EZ$2:$EZ$1000, MATCH('Line Item Detail'!F23, Reference!$EX$2:$EX$1000, 0)), "No")="Yes"),"Excluded for Insurance",IF('Line Item Detail'!D23="Grouped Residual",IF((IF(Builder!B4="General",'Line Item Detail'!W23,IF(Builder!B4="Twin",'Line Item Detail'!X23,'Line Item Detail'!Y23)))=0,"Excluded","Included"),"Included")) -> Included | G13: =IF('Line Item Detail'!D23="Grouped Residual","",'Line Item Detail'!G23) -> 2 | H13: =Builder!B4 -> Single | I13: =IF('Line Item Detail'!D23="Grouped Residual",IF((IF(Builder!B4="General",'Line Item Detail'!W23,IF(Builder!B4="Twin",'Line Item Detail'!X23,'Line Item Detail'!Y23)))=0,"",IF(Builder!B4="General",'Line Item Detail'!K23,IF(Builder!B4="Twin",'Line Item Detail'!L23,'Line Item Detail'!M23))),IF(Builder!B4="General",'Line Item Detail'!K23,IF(Builder!B4="Twin",'Line Item Detail'!L23,'Line Item Detail'!M23))) -> 850 | J13: =IF(Builder!B4="General",'Line Item Detail'!W23,IF(Builder!B4="Twin",'Line Item Detail'!X23,'Line Item Detail'!Y23)) -> 1700
A15: Investigations
A16: ='Line Item Detail'!A2 -> X-RAY KNEE JOINT AP & LATERAL VIEW (BEDSIDE) | B16: Investigations | C16: ='Line Item Detail'!C2 -> Investigations | D16: ='Line Item Detail'!D2 -> Template | E16: ='Line Item Detail'!E2 -> Auto-Included | F16: =IF(AND(Builder!E2="Insurance / Org Tariff",IFERROR(INDEX(Reference!$EZ$2:$EZ$1000, MATCH('Line Item Detail'!F2, Reference!$EX$2:$EX$1000, 0)), "No")="Yes"),"Excluded for Insurance",IF('Line Item Detail'!D2="Grouped Residual",IF((IF(Builder!B4="General",'Line Item Detail'!W2,IF(Builder!B4="Twin",'Line Item Detail'!X2,'Line Item Detail'!Y2)))=0,"Excluded","Included"),"Included")) -> Included | G16: =IF('Line Item Detail'!D2="Grouped Residual","",'Line Item Detail'!G2) -> 1 | H16: =Builder!B4 -> Single | I16: =IF('Line Item Detail'!D2="Grouped Residual",IF((IF(Builder!B4="General",'Line Item Detail'!W2,IF(Builder!B4="Twin",'Line Item Detail'!X2,'Line Item Detail'!Y2)))=0,"",IF(Builder!B4="General",'Line Item Detail'!K2,IF(Builder!B4="Twin",'Line Item Detail'!L2,'Line Item Detail'!M2))),IF(Builder!B4="General",'Line Item Detail'!K2,IF(Builder!B4="Twin",'Line Item Detail'!L2,'Line Item Detail'!M2))) -> 1990 | J16: =IF(Builder!B4="General",'Line Item Detail'!W2,IF(Builder!B4="Twin",'Line Item Detail'!X2,'Line Item Detail'!Y2)) -> 1990
A17: ='Line Item Detail'!A11 -> HAEMOGLOBIN | B17: Investigations | C17: ='Line Item Detail'!C11 -> Investigations | D17: ='Line Item Detail'!D11 -> Template | E17: ='Line Item Detail'!E11 -> Auto-Included | F17: =IF(AND(Builder!E2="Insurance / Org Tariff",IFERROR(INDEX(Reference!$EZ$2:$EZ$1000, MATCH('Line Item Detail'!F11, Reference!$EX$2:$EX$1000, 0)), "No")="Yes"),"Excluded for Insurance",IF('Line Item Detail'!D11="Grouped Residual",IF((IF(Builder!B4="General",'Line Item Detail'!W11,IF(Builder!B4="Twin",'Line Item Detail'!X11,'Line Item Detail'!Y11)))=0,"Excluded","Included"),"Included")) -> Included | G17: =IF('Line Item Detail'!D11="Grouped Residual","",'Line Item Detail'!G11) -> 1 | H17: =Builder!B4 -> Single | I17: =IF('Line Item Detail'!D11="Grouped Residual",IF((IF(Builder!B4="General",'Line Item Detail'!W11,IF(Builder!B4="Twin",'Line Item Detail'!X11,'Line Item Detail'!Y11)))=0,"",IF(Builder!B4="General",'Line Item Detail'!K11,IF(Builder!B4="Twin",'Line Item Detail'!L11,'Line Item Detail'!M11))),IF(Builder!B4="General",'Line Item Detail'!K11,IF(Builder!B4="Twin",'Line Item Detail'!L11,'Line Item Detail'!M11))) -> 460 | J17: =IF(Builder!B4="General",'Line Item Detail'!W11,IF(Builder!B4="Twin",'Line Item Detail'!X11,'Line Item Detail'!Y11)) -> 460
A18: ='Line Item Detail'!A12 -> CBP (COMPLETE BLOOD PICTURE) | B18: Investigations | C18: ='Line Item Detail'!C12 -> Investigations | D18: ='Line Item Detail'!D12 -> Template | E18: ='Line Item Detail'!E12 -> Auto-Included | F18: =IF(AND(Builder!E2="Insurance / Org Tariff",IFERROR(INDEX(Reference!$EZ$2:$EZ$1000, MATCH('Line Item Detail'!F12, Reference!$EX$2:$EX$1000, 0)), "No")="Yes"),"Excluded for Insurance",IF('Line Item Detail'!D12="Grouped Residual",IF((IF(Builder!B4="General",'Line Item Detail'!W12,IF(Builder!B4="Twin",'Line Item Detail'!X12,'Line Item Detail'!Y12)))=0,"Excluded","Included"),"Included")) -> Included | G18: =IF('Line Item Detail'!D12="Grouped Residual","",'Line Item Detail'!G12) -> 1 | H18: =Builder!B4 -> Single | I18: =IF('Line Item Detail'!D12="Grouped Residual",IF((IF(Builder!B4="General",'Line Item Detail'!W12,IF(Builder!B4="Twin",'Line Item Detail'!X12,'Line Item Detail'!Y12)))=0,"",IF(Builder!B4="General",'Line Item Detail'!K12,IF(Builder!B4="Twin",'Line Item Detail'!L12,'Line Item Detail'!M12))),IF(Builder!B4="General",'Line Item Detail'!K12,IF(Builder!B4="Twin",'Line Item Detail'!L12,'Line Item Detail'!M12))) -> 1250 | J18: =IF(Builder!B4="General",'Line Item Detail'!W12,IF(Builder!B4="Twin",'Line Item Detail'!X12,'Line Item Detail'!Y12)) -> 1250
A19: ='Line Item Detail'!A28 -> Albumin | B19: Investigations | C19: ='Line Item Detail'!C28 -> Investigations | D19: ='Line Item Detail'!D28 -> Template | E19: ='Line Item Detail'!E28 -> Auto-Included | F19: =IF(AND(Builder!E2="Insurance / Org Tariff",IFERROR(INDEX(Reference!$EZ$2:$EZ$1000, MATCH('Line Item Detail'!F28, Reference!$EX$2:$EX$1000, 0)), "No")="Yes"),"Excluded for Insurance",IF('Line Item Detail'!D28="Grouped Residual",IF((IF(Builder!B4="General",'Line Item Detail'!W28,IF(Builder!B4="Twin",'Line Item Detail'!X28,'Line Item Detail'!Y28)))=0,"Excluded","Included"),"Included")) -> Included | G19: =IF('Line Item Detail'!D28="Grouped Residual","",'Line Item Detail'!G28) -> 1 | H19: =Builder!B4 -> Single | I19: =IF('Line Item Detail'!D28="Grouped Residual",IF((IF(Builder!B4="General",'Line Item Detail'!W28,IF(Builder!B4="Twin",'Line Item Detail'!X28,'Line Item Detail'!Y28)))=0,"",IF(Builder!B4="General",'Line Item Detail'!K28,IF(Builder!B4="Twin",'Line Item Detail'!L28,'Line Item Detail'!M28))),IF(Builder!B4="General",'Line Item Detail'!K28,IF(Builder!B4="Twin",'Line Item Detail'!L28,'Line Item Detail'!M28))) -> 430 | J19: =IF(Builder!B4="General",'Line Item Detail'!W28,IF(Builder!B4="Twin",'Line Item Detail'!X28,'Line Item Detail'!Y28)) -> 430
A20: ='Line Item Detail'!A29 -> Sodium | B20: Investigations | C20: ='Line Item Detail'!C29 -> Investigations | D20: ='Line Item Detail'!D29 -> Template | E20: ='Line Item Detail'!E29 -> Auto-Included | F20: =IF(AND(Builder!E2="Insurance / Org Tariff",IFERROR(INDEX(Reference!$EZ$2:$EZ$1000, MATCH('Line Item Detail'!F29, Reference!$EX$2:$EX$1000, 0)), "No")="Yes"),"Excluded for Insurance",IF('Line Item Detail'!D29="Grouped Residual",IF((IF(Builder!B4="General",'Line Item Detail'!W29,IF(Builder!B4="Twin",'Line Item Detail'!X29,'Line Item Detail'!Y29)))=0,"Excluded","Included"),"Included")) -> Included | G20: =IF('Line Item Detail'!D29="Grouped Residual","",'Line Item Detail'!G29) -> 1 | H20: =Builder!B4 -> Single | I20: =IF('Line Item Detail'!D29="Grouped Residual",IF((IF(Builder!B4="General",'Line Item Detail'!W29,IF(Builder!B4="Twin",'Line Item Detail'!X29,'Line Item Detail'!Y29)))=0,"",IF(Builder!B4="General",'Line Item Detail'!K29,IF(Builder!B4="Twin",'Line Item Detail'!L29,'Line Item Detail'!M29))),IF(Builder!B4="General",'Line Item Detail'!K29,IF(Builder!B4="Twin",'Line Item Detail'!L29,'Line Item Detail'!M29))) -> 870 | J20: =IF(Builder!B4="General",'Line Item Detail'!W29,IF(Builder!B4="Twin",'Line Item Detail'!X29,'Line Item Detail'!Y29)) -> 870
A21: ='Line Item Detail'!A30 -> Electrolytes | B21: Investigations | C21: ='Line Item Detail'!C30 -> Investigations | D21: ='Line Item Detail'!D30 -> Template | E21: ='Line Item Detail'!E30 -> Auto-Included | F21: =IF(AND(Builder!E2="Insurance / Org Tariff",IFERROR(INDEX(Reference!$EZ$2:$EZ$1000, MATCH('Line Item Detail'!F30, Reference!$EX$2:$EX$1000, 0)), "No")="Yes"),"Excluded for Insurance",IF('Line Item Detail'!D30="Grouped Residual",IF((IF(Builder!B4="General",'Line Item Detail'!W30,IF(Builder!B4="Twin",'Line Item Detail'!X30,'Line Item Detail'!Y30)))=0,"Excluded","Included"),"Included")) -> Included | G21: =IF('Line Item Detail'!D30="Grouped Residual","",'Line Item Detail'!G30) -> 1 | H21: =Builder!B4 -> Single | I21: =IF('Line Item Detail'!D30="Grouped Residual",IF((IF(Builder!B4="General",'Line Item Detail'!W30,IF(Builder!B4="Twin",'Line Item Detail'!X30,'Line Item Detail'!Y30)))=0,"",IF(Builder!B4="General",'Line Item Detail'!K30,IF(Builder!B4="Twin",'Line Item Detail'!L30,'Line Item Detail'!M30))),IF(Builder!B4="General",'Line Item Detail'!K30,IF(Builder!B4="Twin",'Line Item Detail'!L30,'Line Item Detail'!M30))) -> 1470 | J21: =IF(Builder!B4="General",'Line Item Detail'!W30,IF(Builder!B4="Twin",'Line Item Detail'!X30,'Line Item Detail'!Y30)) -> 1470
A22: ='Line Item Detail'!A31 -> Creatinine | B22: Investigations | C22: ='Line Item Detail'!C31 -> Investigations | D22: ='Line Item Detail'!D31 -> Template | E22: ='Line Item Detail'!E31 -> Auto-Included | F22: =IF(AND(Builder!E2="Insurance / Org Tariff",IFERROR(INDEX(Reference!$EZ$2:$EZ$1000, MATCH('Line Item Detail'!F31, Reference!$EX$2:$EX$1000, 0)), "No")="Yes"),"Excluded for Insurance",IF('Line Item Detail'!D31="Grouped Residual",IF((IF(Builder!B4="General",'Line Item Detail'!W31,IF(Builder!B4="Twin",'Line Item Detail'!X31,'Line Item Detail'!Y31)))=0,"Excluded","Included"),"Included")) -> Included | G22: =IF('Line Item Detail'!D31="Grouped Residual","",'Line Item Detail'!G31) -> 1 | H22: =Builder!B4 -> Single | I22: =IF('Line Item Detail'!D31="Grouped Residual",IF((IF(Builder!B4="General",'Line Item Detail'!W31,IF(Builder!B4="Twin",'Line Item Detail'!X31,'Line Item Detail'!Y31)))=0,"",IF(Builder!B4="General",'Line Item Detail'!K31,IF(Builder!B4="Twin",'Line Item Detail'!L31,'Line Item Detail'!M31))),IF(Builder!B4="General",'Line Item Detail'!K31,IF(Builder!B4="Twin",'Line Item Detail'!L31,'Line Item Detail'!M31))) -> 760 | J22: =IF(Builder!B4="General",'Line Item Detail'!W31,IF(Builder!B4="Twin",'Line Item Detail'!X31,'Line Item Detail'!Y31)) -> 760
A23: ='Line Item Detail'!A32 -> Urea | B23: Investigations | C23: ='Line Item Detail'!C32 -> Investigations | D23: ='Line Item Detail'!D32 -> Template | E23: ='Line Item Detail'!E32 -> Auto-Included | F23: =IF(AND(Builder!E2="Insurance / Org Tariff",IFERROR(INDEX(Reference!$EZ$2:$EZ$1000, MATCH('Line Item Detail'!F32, Reference!$EX$2:$EX$1000, 0)), "No")="Yes"),"Excluded for Insurance",IF('Line Item Detail'!D32="Grouped Residual",IF((IF(Builder!B4="General",'Line Item Detail'!W32,IF(Builder!B4="Twin",'Line Item Detail'!X32,'Line Item Detail'!Y32)))=0,"Excluded","Included"),"Included")) -> Included | G23: =IF('Line Item Detail'!D32="Grouped Residual","",'Line Item Detail'!G32) -> 1 | H23: =Builder!B4 -> Single | I23: =IF('Line Item Detail'!D32="Grouped Residual",IF((IF(Builder!B4="General",'Line Item Detail'!W32,IF(Builder!B4="Twin",'Line Item Detail'!X32,'Line Item Detail'!Y32)))=0,"",IF(Builder!B4="General",'Line Item Detail'!K32,IF(Builder!B4="Twin",'Line Item Detail'!L32,'Line Item Detail'!M32))),IF(Builder!B4="General",'Line Item Detail'!K32,IF(Builder!B4="Twin",'Line Item Detail'!L32,'Line Item Detail'!M32))) -> 430 | J23: =IF(Builder!B4="General",'Line Item Detail'!W32,IF(Builder!B4="Twin",'Line Item Detail'!X32,'Line Item Detail'!Y32)) -> 430
A24: ='Line Item Detail'!A71 -> Coagulation Tests Residual | B24: Investigations | C24: ='Line Item Detail'!C71 -> Coagulation Tests | D24: ='Line Item Detail'!D71 -> Grouped Residual | E24: ='Line Item Detail'!E71 -> Mode-aware grouped residual net of selected child add-ons from same grouping | F24: =IF(AND(Builder!E2="Insurance / Org Tariff",IFERROR(INDEX(Reference!$EZ$2:$EZ$1000, MATCH('Line Item Detail'!F71, Reference!$EX$2:$EX$1000, 0)), "No")="Yes"),"Excluded for Insurance",IF('Line Item Detail'!D71="Grouped Residual",IF((IF(Builder!B4="General",'Line Item Detail'!W71,IF(Builder!B4="Twin",'Line Item Detail'!X71,'Line Item Detail'!Y71)))=0,"Excluded","Included"),"Included")) -> Included | G24: =IF('Line Item Detail'!D71="Grouped Residual","",'Line Item Detail'!G71) | H24: =Builder!B4 -> Single | I24: =IF('Line Item Detail'!D71="Grouped Residual",IF((IF(Builder!B4="General",'Line Item Detail'!W71,IF(Builder!B4="Twin",'Line Item Detail'!X71,'Line Item Detail'!Y71)))=0,"",IF(Builder!B4="General",'Line Item Detail'!K71,IF(Builder!B4="Twin",'Line Item Detail'!L71,'Line Item Detail'!M71))),IF(Builder!B4="General",'Line Item Detail'!K71,IF(Builder!B4="Twin",'Line Item Detail'!L71,'Line Item Detail'!M71))) -> 5590 | J24: =IF(Builder!B4="General",'Line Item Detail'!W71,IF(Builder!B4="Twin",'Line Item Detail'!X71,'Line Item Detail'!Y71)) -> 5590
A25: ='Line Item Detail'!A72 -> Inflammatory Marker Tests Residual | B25: Investigations | C25: ='Line Item Detail'!C72 -> Inflammatory Marker Tests | D25: ='Line Item Detail'!D72 -> Grouped Residual | E25: ='Line Item Detail'!E72 -> Mode-aware grouped residual net of selected child add-ons from same grouping | F25: =IF(AND(Builder!E2="Insurance / Org Tariff",IFERROR(INDEX(Reference!$EZ$2:$EZ$1000, MATCH('Line Item Detail'!F72, Reference!$EX$2:$EX$1000, 0)), "No")="Yes"),"Excluded for Insurance",IF('Line Item Detail'!D72="Grouped Residual",IF((IF(Builder!B4="General",'Line Item Detail'!W72,IF(Builder!B4="Twin",'Line Item Detail'!X72,'Line Item Detail'!Y72)))=0,"Excluded","Included"),"Included")) -> Included | G25: =IF('Line Item Detail'!D72="Grouped Residual","",'Line Item Detail'!G72) | H25: =Builder!B4 -> Single | I25: =IF('Line Item Detail'!D72="Grouped Residual",IF((IF(Builder!B4="General",'Line Item Detail'!W72,IF(Builder!B4="Twin",'Line Item Detail'!X72,'Line Item Detail'!Y72)))=0,"",IF(Builder!B4="General",'Line Item Detail'!K72,IF(Builder!B4="Twin",'Line Item Detail'!L72,'Line Item Detail'!M72))),IF(Builder!B4="General",'Line Item Detail'!K72,IF(Builder!B4="Twin",'Line Item Detail'!L72,'Line Item Detail'!M72))) -> 1320 | J25: =IF(Builder!B4="General",'Line Item Detail'!W72,IF(Builder!B4="Twin",'Line Item Detail'!X72,'Line Item Detail'!Y72)) -> 1320
A26: ='Line Item Detail'!A73 -> Haematology Counts Residual | B26: Investigations | C26: ='Line Item Detail'!C73 -> Haematology Counts | D26: ='Line Item Detail'!D73 -> Grouped Residual | E26: ='Line Item Detail'!E73 -> Mode-aware grouped residual net of selected child add-ons from same grouping | F26: =IF(AND(Builder!E2="Insurance / Org Tariff",IFERROR(INDEX(Reference!$EZ$2:$EZ$1000, MATCH('Line Item Detail'!F73, Reference!$EX$2:$EX$1000, 0)), "No")="Yes"),"Excluded for Insurance",IF('Line Item Detail'!D73="Grouped Residual",IF((IF(Builder!B4="General",'Line Item Detail'!W73,IF(Builder!B4="Twin",'Line Item Detail'!X73,'Line Item Detail'!Y73)))=0,"Excluded","Included"),"Included")) -> Included | G26: =IF('Line Item Detail'!D73="Grouped Residual","",'Line Item Detail'!G73) | H26: =Builder!B4 -> Single | I26: =IF('Line Item Detail'!D73="Grouped Residual",IF((IF(Builder!B4="General",'Line Item Detail'!W73,IF(Builder!B4="Twin",'Line Item Detail'!X73,'Line Item Detail'!Y73)))=0,"",IF(Builder!B4="General",'Line Item Detail'!K73,IF(Builder!B4="Twin",'Line Item Detail'!L73,'Line Item Detail'!M73))),IF(Builder!B4="General",'Line Item Detail'!K73,IF(Builder!B4="Twin",'Line Item Detail'!L73,'Line Item Detail'!M73))) -> 370 | J26: =IF(Builder!B4="General",'Line Item Detail'!W73,IF(Builder!B4="Twin",'Line Item Detail'!X73,'Line Item Detail'!Y73)) -> 370
A28: Procedure / OT Charges
A29: ='Line Item Detail'!A8 -> CSSD CHARGES FOR GA | B29: Procedure / OT Charges | C29: ='Line Item Detail'!C8 -> OT Charges | D29: ='Line Item Detail'!D8 -> Template | E29: ='Line Item Detail'!E8 -> Auto-Included | F29: =IF(AND(Builder!E2="Insurance / Org Tariff",IFERROR(INDEX(Reference!$EZ$2:$EZ$1000, MATCH('Line Item Detail'!F8, Reference!$EX$2:$EX$1000, 0)), "No")="Yes"),"Excluded for Insurance",IF('Line Item Detail'!D8="Grouped Residual",IF((IF(Builder!B4="General",'Line Item Detail'!W8,IF(Builder!B4="Twin",'Line Item Detail'!X8,'Line Item Detail'!Y8)))=0,"Excluded","Included"),"Included")) -> Included | G29: =IF('Line Item Detail'!D8="Grouped Residual","",'Line Item Detail'!G8) -> 1 | H29: =Builder!B4 -> Single | I29: =IF('Line Item Detail'!D8="Grouped Residual",IF((IF(Builder!B4="General",'Line Item Detail'!W8,IF(Builder!B4="Twin",'Line Item Detail'!X8,'Line Item Detail'!Y8)))=0,"",IF(Builder!B4="General",'Line Item Detail'!K8,IF(Builder!B4="Twin",'Line Item Detail'!L8,'Line Item Detail'!M8))),IF(Builder!B4="General",'Line Item Detail'!K8,IF(Builder!B4="Twin",'Line Item Detail'!L8,'Line Item Detail'!M8))) -> 2000 | J29: =IF(Builder!B4="General",'Line Item Detail'!W8,IF(Builder!B4="Twin",'Line Item Detail'!X8,'Line Item Detail'!Y8)) -> 2000
A30: ='Line Item Detail'!A10 -> PHYSIOTHERAPY PACKAGE 5 VISITS | B30: Procedure / OT Charges | C30: ='Line Item Detail'!C10 -> Physiotherapy | D30: ='Line Item Detail'!D10 -> Template | E30: ='Line Item Detail'!E10 -> Auto-Included | F30: =IF(AND(Builder!E2="Insurance / Org Tariff",IFERROR(INDEX(Reference!$EZ$2:$EZ$1000, MATCH('Line Item Detail'!F10, Reference!$EX$2:$EX$1000, 0)), "No")="Yes"),"Excluded for Insurance",IF('Line Item Detail'!D10="Grouped Residual",IF((IF(Builder!B4="General",'Line Item Detail'!W10,IF(Builder!B4="Twin",'Line Item Detail'!X10,'Line Item Detail'!Y10)))=0,"Excluded","Included"),"Included")) -> Included | G30: =IF('Line Item Detail'!D10="Grouped Residual","",'Line Item Detail'!G10) -> 1 | H30: =Builder!B4 -> Single | I30: =IF('Line Item Detail'!D10="Grouped Residual",IF((IF(Builder!B4="General",'Line Item Detail'!W10,IF(Builder!B4="Twin",'Line Item Detail'!X10,'Line Item Detail'!Y10)))=0,"",IF(Builder!B4="General",'Line Item Detail'!K10,IF(Builder!B4="Twin",'Line Item Detail'!L10,'Line Item Detail'!M10))),IF(Builder!B4="General",'Line Item Detail'!K10,IF(Builder!B4="Twin",'Line Item Detail'!L10,'Line Item Detail'!M10))) -> 2380 | J30: =IF(Builder!B4="General",'Line Item Detail'!W10,IF(Builder!B4="Twin",'Line Item Detail'!X10,'Line Item Detail'!Y10)) -> 2380
A31: ='Line Item Detail'!A13 -> ROBO (TKR) - UNILATERAL | B31: Procedure / OT Charges | C31: ='Line Item Detail'!C13 -> OT Charges | D31: ='Line Item Detail'!D13 -> Template | E31: ='Line Item Detail'!E13 -> Auto-Included | F31: =IF(AND(Builder!E2="Insurance / Org Tariff",IFERROR(INDEX(Reference!$EZ$2:$EZ$1000, MATCH('Line Item Detail'!F13, Reference!$EX$2:$EX$1000, 0)), "No")="Yes"),"Excluded for Insurance",IF('Line Item Detail'!D13="Grouped Residual",IF((IF(Builder!B4="General",'Line Item Detail'!W13,IF(Builder!B4="Twin",'Line Item Detail'!X13,'Line Item Detail'!Y13)))=0,"Excluded","Included"),"Included")) -> Included | G31: =IF('Line Item Detail'!D13="Grouped Residual","",'Line Item Detail'!G13) -> 1 | H31: =Builder!B4 -> Single | I31: =IF('Line Item Detail'!D13="Grouped Residual",IF((IF(Builder!B4="General",'Line Item Detail'!W13,IF(Builder!B4="Twin",'Line Item Detail'!X13,'Line Item Detail'!Y13)))=0,"",IF(Builder!B4="General",'Line Item Detail'!K13,IF(Builder!B4="Twin",'Line Item Detail'!L13,'Line Item Detail'!M13))),IF(Builder!B4="General",'Line Item Detail'!K13,IF(Builder!B4="Twin",'Line Item Detail'!L13,'Line Item Detail'!M13))) -> 100000 | J31: =IF(Builder!B4="General",'Line Item Detail'!W13,IF(Builder!B4="Twin",'Line Item Detail'!X13,'Line Item Detail'!Y13)) -> 100000
A32: ='Line Item Detail'!A14 -> Instrument Charges (Major) | B32: Procedure / OT Charges | C32: ='Line Item Detail'!C14 -> OT Charges | D32: ='Line Item Detail'!D14 -> Logic | E32: ='Line Item Detail'!E14 -> Fixed 1 | F32: =IF(AND(Builder!E2="Insurance / Org Tariff",IFERROR(INDEX(Reference!$EZ$2:$EZ$1000, MATCH('Line Item Detail'!F14, Reference!$EX$2:$EX$1000, 0)), "No")="Yes"),"Excluded for Insurance",IF('Line Item Detail'!D14="Grouped Residual",IF((IF(Builder!B4="General",'Line Item Detail'!W14,IF(Builder!B4="Twin",'Line Item Detail'!X14,'Line Item Detail'!Y14)))=0,"Excluded","Included"),"Included")) -> Included | G32: =IF('Line Item Detail'!D14="Grouped Residual","",'Line Item Detail'!G14) -> 1 | H32: =Builder!B4 -> Single | I32: =IF('Line Item Detail'!D14="Grouped Residual",IF((IF(Builder!B4="General",'Line Item Detail'!W14,IF(Builder!B4="Twin",'Line Item Detail'!X14,'Line Item Detail'!Y14)))=0,"",IF(Builder!B4="General",'Line Item Detail'!K14,IF(Builder!B4="Twin",'Line Item Detail'!L14,'Line Item Detail'!M14))),IF(Builder!B4="General",'Line Item Detail'!K14,IF(Builder!B4="Twin",'Line Item Detail'!L14,'Line Item Detail'!M14))) -> 10480 | J32: =IF(Builder!B4="General",'Line Item Detail'!W14,IF(Builder!B4="Twin",'Line Item Detail'!X14,'Line Item Detail'!Y14)) -> 10480
A33: ='Line Item Detail'!A15 -> OT Disinfection Charges | B33: Procedure / OT Charges | C33: ='Line Item Detail'!C15 -> OT Charges | D33: ='Line Item Detail'!D15 -> Logic | E33: ='Line Item Detail'!E15 -> Fixed 1 | F33: =IF(AND(Builder!E2="Insurance / Org Tariff",IFERROR(INDEX(Reference!$EZ$2:$EZ$1000, MATCH('Line Item Detail'!F15, Reference!$EX$2:$EX$1000, 0)), "No")="Yes"),"Excluded for Insurance",IF('Line Item Detail'!D15="Grouped Residual",IF((IF(Builder!B4="General",'Line Item Detail'!W15,IF(Builder!B4="Twin",'Line Item Detail'!X15,'Line Item Detail'!Y15)))=0,"Excluded","Included"),"Included")) -> Included | G33: =IF('Line Item Detail'!D15="Grouped Residual","",'Line Item Detail'!G15) -> 1 | H33: =Builder!B4 -> Single | I33: =IF('Line Item Detail'!D15="Grouped Residual",IF((IF(Builder!B4="General",'Line Item Detail'!W15,IF(Builder!B4="Twin",'Line Item Detail'!X15,'Line Item Detail'!Y15)))=0,"",IF(Builder!B4="General",'Line Item Detail'!K15,IF(Builder!B4="Twin",'Line Item Detail'!L15,'Line Item Detail'!M15))),IF(Builder!B4="General",'Line Item Detail'!K15,IF(Builder!B4="Twin",'Line Item Detail'!L15,'Line Item Detail'!M15))) -> 2470 | J33: =IF(Builder!B4="General",'Line Item Detail'!W15,IF(Builder!B4="Twin",'Line Item Detail'!X15,'Line Item Detail'!Y15)) -> 2470
A34: ='Line Item Detail'!A16 -> Post Surgery Recovery Charges | B34: Procedure / OT Charges | C34: ='Line Item Detail'!C16 -> OT Charges | D34: ='Line Item Detail'!D16 -> Logic | E34: ='Line Item Detail'!E16 -> Fixed 1 | F34: =IF(AND(Builder!E2="Insurance / Org Tariff",IFERROR(INDEX(Reference!$EZ$2:$EZ$1000, MATCH('Line Item Detail'!F16, Reference!$EX$2:$EX$1000, 0)), "No")="Yes"),"Excluded for Insurance",IF('Line Item Detail'!D16="Grouped Residual",IF((IF(Builder!B4="General",'Line Item Detail'!W16,IF(Builder!B4="Twin",'Line Item Detail'!X16,'Line Item Detail'!Y16)))=0,"Excluded","Included"),"Included")) -> Included | G34: =IF('Line Item Detail'!D16="Grouped Residual","",'Line Item Detail'!G16) -> 1 | H34: =Builder!B4 -> Single | I34: =IF('Line Item Detail'!D16="Grouped Residual",IF((IF(Builder!B4="General",'Line Item Detail'!W16,IF(Builder!B4="Twin",'Line Item Detail'!X16,'Line Item Detail'!Y16)))=0,"",IF(Builder!B4="General",'Line Item Detail'!K16,IF(Builder!B4="Twin",'Line Item Detail'!L16,'Line Item Detail'!M16))),IF(Builder!B4="General",'Line Item Detail'!K16,IF(Builder!B4="Twin",'Line Item Detail'!L16,'Line Item Detail'!M16))) -> 3020 | J34: =IF(Builder!B4="General",'Line Item Detail'!W16,IF(Builder!B4="Twin",'Line Item Detail'!X16,'Line Item Detail'!Y16)) -> 3020
A35: ='Line Item Detail'!A17 -> OT Charges | B35: Procedure / OT Charges | C35: ='Line Item Detail'!C17 -> OT Charges | D35: ='Line Item Detail'!D17 -> Logic | E35: ='Line Item Detail'!E17 -> Selected OT duration snapped to the nearest supported tariff OT slot using the normal or emergency ladder | F35: =IF(AND(Builder!E2="Insurance / Org Tariff",IFERROR(INDEX(Reference!$EZ$2:$EZ$1000, MATCH('Line Item Detail'!F17, Reference!$EX$2:$EX$1000, 0)), "No")="Yes"),"Excluded for Insurance",IF('Line Item Detail'!D17="Grouped Residual",IF((IF(Builder!B4="General",'Line Item Detail'!W17,IF(Builder!B4="Twin",'Line Item Detail'!X17,'Line Item Detail'!Y17)))=0,"Excluded","Included"),"Included")) -> Included | G35: =IF('Line Item Detail'!D17="Grouped Residual","",'Line Item Detail'!G17) -> 3 | H35: =Builder!B4 -> Single | I35: =IF('Line Item Detail'!D17="Grouped Residual",IF((IF(Builder!B4="General",'Line Item Detail'!W17,IF(Builder!B4="Twin",'Line Item Detail'!X17,'Line Item Detail'!Y17)))=0,"",IF(Builder!B4="General",'Line Item Detail'!K17,IF(Builder!B4="Twin",'Line Item Detail'!L17,'Line Item Detail'!M17))),IF(Builder!B4="General",'Line Item Detail'!K17,IF(Builder!B4="Twin",'Line Item Detail'!L17,'Line Item Detail'!M17))) -> 38310 | J35: =IF(Builder!B4="General",'Line Item Detail'!W17,IF(Builder!B4="Twin",'Line Item Detail'!X17,'Line Item Detail'!Y17)) -> 38310
A36: ='Line Item Detail'!A18 -> Cath Lab Charges | B36: Procedure / OT Charges | C36: ='Line Item Detail'!C18 -> Cath Lab Hours | D36: ='Line Item Detail'!D18 -> Historical Cath Lab Family | E36: ='Line Item Detail'!E18 -> Actual billed cath-lab slot-family P25 / P50 / P75 from the selected historical payer basis. | F36: =IF(AND(Builder!E2="Insurance / Org Tariff",IFERROR(INDEX(Reference!$EZ$2:$EZ$1000, MATCH('Line Item Detail'!F18, Reference!$EX$2:$EX$1000, 0)), "No")="Yes"),"Excluded for Insurance",IF('Line Item Detail'!D18="Grouped Residual",IF((IF(Builder!B4="General",'Line Item Detail'!W18,IF(Builder!B4="Twin",'Line Item Detail'!X18,'Line Item Detail'!Y18)))=0,"Excluded","Included"),"Included")) -> Included | G36: =IF('Line Item Detail'!D18="Grouped Residual","",'Line Item Detail'!G18) -> 1 | H36: =Builder!B4 -> Single | I36: =IF('Line Item Detail'!D18="Grouped Residual",IF((IF(Builder!B4="General",'Line Item Detail'!W18,IF(Builder!B4="Twin",'Line Item Detail'!X18,'Line Item Detail'!Y18)))=0,"",IF(Builder!B4="General",'Line Item Detail'!K18,IF(Builder!B4="Twin",'Line Item Detail'!L18,'Line Item Detail'!M18))),IF(Builder!B4="General",'Line Item Detail'!K18,IF(Builder!B4="Twin",'Line Item Detail'!L18,'Line Item Detail'!M18))) -> 0 | J36: =IF(Builder!B4="General",'Line Item Detail'!W18,IF(Builder!B4="Twin",'Line Item Detail'!X18,'Line Item Detail'!Y18)) -> 0
A38: Bedside Services
A39: ='Line Item Detail'!A9 -> Medical Records | B39: Bedside Services | C39: ='Line Item Detail'!C9 -> Administrative | D39: ='Line Item Detail'!D9 -> Logic | E39: ='Line Item Detail'!E9 -> Fixed 1 | F39: =IF(AND(Builder!E2="Insurance / Org Tariff",IFERROR(INDEX(Reference!$EZ$2:$EZ$1000, MATCH('Line Item Detail'!F9, Reference!$EX$2:$EX$1000, 0)), "No")="Yes"),"Excluded for Insurance",IF('Line Item Detail'!D9="Grouped Residual",IF((IF(Builder!B4="General",'Line Item Detail'!W9,IF(Builder!B4="Twin",'Line Item Detail'!X9,'Line Item Detail'!Y9)))=0,"Excluded","Included"),"Included")) -> Included | G39: =IF('Line Item Detail'!D9="Grouped Residual","",'Line Item Detail'!G9) -> 1 | H39: =Builder!B4 -> Single | I39: =IF('Line Item Detail'!D9="Grouped Residual",IF((IF(Builder!B4="General",'Line Item Detail'!W9,IF(Builder!B4="Twin",'Line Item Detail'!X9,'Line Item Detail'!Y9)))=0,"",IF(Builder!B4="General",'Line Item Detail'!K9,IF(Builder!B4="Twin",'Line Item Detail'!L9,'Line Item Detail'!M9))),IF(Builder!B4="General",'Line Item Detail'!K9,IF(Builder!B4="Twin",'Line Item Detail'!L9,'Line Item Detail'!M9))) -> 1300 | J39: =IF(Builder!B4="General",'Line Item Detail'!W9,IF(Builder!B4="Twin",'Line Item Detail'!X9,'Line Item Detail'!Y9)) -> 1300
A40: ='Line Item Detail'!A22 -> Warmer | B40: Bedside Services | C40: ='Line Item Detail'!C22 -> Bedside | D40: ='Line Item Detail'!D22 -> Template | E40: ='Line Item Detail'!E22 -> Auto-Included | F40: =IF(AND(Builder!E2="Insurance / Org Tariff",IFERROR(INDEX(Reference!$EZ$2:$EZ$1000, MATCH('Line Item Detail'!F22, Reference!$EX$2:$EX$1000, 0)), "No")="Yes"),"Excluded for Insurance",IF('Line Item Detail'!D22="Grouped Residual",IF((IF(Builder!B4="General",'Line Item Detail'!W22,IF(Builder!B4="Twin",'Line Item Detail'!X22,'Line Item Detail'!Y22)))=0,"Excluded","Included"),"Included")) -> Included | G40: =IF('Line Item Detail'!D22="Grouped Residual","",'Line Item Detail'!G22) -> 1 | H40: =Builder!B4 -> Single | I40: =IF('Line Item Detail'!D22="Grouped Residual",IF((IF(Builder!B4="General",'Line Item Detail'!W22,IF(Builder!B4="Twin",'Line Item Detail'!X22,'Line Item Detail'!Y22)))=0,"",IF(Builder!B4="General",'Line Item Detail'!K22,IF(Builder!B4="Twin",'Line Item Detail'!L22,'Line Item Detail'!M22))),IF(Builder!B4="General",'Line Item Detail'!K22,IF(Builder!B4="Twin",'Line Item Detail'!L22,'Line Item Detail'!M22))) -> 930 | J40: =IF(Builder!B4="General",'Line Item Detail'!W22,IF(Builder!B4="Twin",'Line Item Detail'!X22,'Line Item Detail'!Y22)) -> 930
A41: ='Line Item Detail'!A24 -> Oxygen Per Hour | B41: Bedside Services | C41: ='Line Item Detail'!C24 -> Bedside | D41: ='Line Item Detail'!D24 -> Template | E41: ='Line Item Detail'!E24 -> Auto-Included | F41: =IF(AND(Builder!E2="Insurance / Org Tariff",IFERROR(INDEX(Reference!$EZ$2:$EZ$1000, MATCH('Line Item Detail'!F24, Reference!$EX$2:$EX$1000, 0)), "No")="Yes"),"Excluded for Insurance",IF('Line Item Detail'!D24="Grouped Residual",IF((IF(Builder!B4="General",'Line Item Detail'!W24,IF(Builder!B4="Twin",'Line Item Detail'!X24,'Line Item Detail'!Y24)))=0,"Excluded","Included"),"Included")) -> Included | G41: =IF('Line Item Detail'!D24="Grouped Residual","",'Line Item Detail'!G24) -> 1 | H41: =Builder!B4 -> Single | I41: =IF('Line Item Detail'!D24="Grouped Residual",IF((IF(Builder!B4="General",'Line Item Detail'!W24,IF(Builder!B4="Twin",'Line Item Detail'!X24,'Line Item Detail'!Y24)))=0,"",IF(Builder!B4="General",'Line Item Detail'!K24,IF(Builder!B4="Twin",'Line Item Detail'!L24,'Line Item Detail'!M24))),IF(Builder!B4="General",'Line Item Detail'!K24,IF(Builder!B4="Twin",'Line Item Detail'!L24,'Line Item Detail'!M24))) -> 350 | J41: =IF(Builder!B4="General",'Line Item Detail'!W24,IF(Builder!B4="Twin",'Line Item Detail'!X24,'Line Item Detail'!Y24)) -> 350
A42: ='Line Item Detail'!A25 -> Diet Consultation | B42: Bedside Services | C42: ='Line Item Detail'!C25 -> Consultation | D42: ='Line Item Detail'!D25 -> Template | E42: ='Line Item Detail'!E25 -> Auto-Included | F42: =IF(AND(Builder!E2="Insurance / Org Tariff",IFERROR(INDEX(Reference!$EZ$2:$EZ$1000, MATCH('Line Item Detail'!F25, Reference!$EX$2:$EX$1000, 0)), "No")="Yes"),"Excluded for Insurance",IF('Line Item Detail'!D25="Grouped Residual",IF((IF(Builder!B4="General",'Line Item Detail'!W25,IF(Builder!B4="Twin",'Line Item Detail'!X25,'Line Item Detail'!Y25)))=0,"Excluded","Included"),"Included")) -> Included | G42: =IF('Line Item Detail'!D25="Grouped Residual","",'Line Item Detail'!G25) -> 1 | H42: =Builder!B4 -> Single | I42: =IF('Line Item Detail'!D25="Grouped Residual",IF((IF(Builder!B4="General",'Line Item Detail'!W25,IF(Builder!B4="Twin",'Line Item Detail'!X25,'Line Item Detail'!Y25)))=0,"",IF(Builder!B4="General",'Line Item Detail'!K25,IF(Builder!B4="Twin",'Line Item Detail'!L25,'Line Item Detail'!M25))),IF(Builder!B4="General",'Line Item Detail'!K25,IF(Builder!B4="Twin",'Line Item Detail'!L25,'Line Item Detail'!M25))) -> 880 | J42: =IF(Builder!B4="General",'Line Item Detail'!W25,IF(Builder!B4="Twin",'Line Item Detail'!X25,'Line Item Detail'!Y25)) -> 880
A43: ='Line Item Detail'!A26 -> Dressing - Minor | B43: Bedside Services | C43: ='Line Item Detail'!C26 -> Bedside | D43: ='Line Item Detail'!D26 -> Template | E43: ='Line Item Detail'!E26 -> Auto-Included | F43: =IF(AND(Builder!E2="Insurance / Org Tariff",IFERROR(INDEX(Reference!$EZ$2:$EZ$1000, MATCH('Line Item Detail'!F26, Reference!$EX$2:$EX$1000, 0)), "No")="Yes"),"Excluded for Insurance",IF('Line Item Detail'!D26="Grouped Residual",IF((IF(Builder!B4="General",'Line Item Detail'!W26,IF(Builder!B4="Twin",'Line Item Detail'!X26,'Line Item Detail'!Y26)))=0,"Excluded","Included"),"Included")) -> Included | G43: =IF('Line Item Detail'!D26="Grouped Residual","",'Line Item Detail'!G26) -> 1 | H43: =Builder!B4 -> Single | I43: =IF('Line Item Detail'!D26="Grouped Residual",IF((IF(Builder!B4="General",'Line Item Detail'!W26,IF(Builder!B4="Twin",'Line Item Detail'!X26,'Line Item Detail'!Y26)))=0,"",IF(Builder!B4="General",'Line Item Detail'!K26,IF(Builder!B4="Twin",'Line Item Detail'!L26,'Line Item Detail'!M26))),IF(Builder!B4="General",'Line Item Detail'!K26,IF(Builder!B4="Twin",'Line Item Detail'!L26,'Line Item Detail'!M26))) -> 1170 | J43: =IF(Builder!B4="General",'Line Item Detail'!W26,IF(Builder!B4="Twin",'Line Item Detail'!X26,'Line Item Detail'!Y26)) -> 1170
A44: ='Line Item Detail'!A27 -> Bedside ECG | B44: Bedside Services | C44: ='Line Item Detail'!C27 -> Bedside | D44: ='Line Item Detail'!D27 -> Template | E44: ='Line Item Detail'!E27 -> Auto-Included | F44: =IF(AND(Builder!E2="Insurance / Org Tariff",IFERROR(INDEX(Reference!$EZ$2:$EZ$1000, MATCH('Line Item Detail'!F27, Reference!$EX$2:$EX$1000, 0)), "No")="Yes"),"Excluded for Insurance",IF('Line Item Detail'!D27="Grouped Residual",IF((IF(Builder!B4="General",'Line Item Detail'!W27,IF(Builder!B4="Twin",'Line Item Detail'!X27,'Line Item Detail'!Y27)))=0,"Excluded","Included"),"Included")) -> Included | G44: =IF('Line Item Detail'!D27="Grouped Residual","",'Line Item Detail'!G27) -> 1 | H44: =Builder!B4 -> Single | I44: =IF('Line Item Detail'!D27="Grouped Residual",IF((IF(Builder!B4="General",'Line Item Detail'!W27,IF(Builder!B4="Twin",'Line Item Detail'!X27,'Line Item Detail'!Y27)))=0,"",IF(Builder!B4="General",'Line Item Detail'!K27,IF(Builder!B4="Twin",'Line Item Detail'!L27,'Line Item Detail'!M27))),IF(Builder!B4="General",'Line Item Detail'!K27,IF(Builder!B4="Twin",'Line Item Detail'!L27,'Line Item Detail'!M27))) -> 570 | J44: =IF(Builder!B4="General",'Line Item Detail'!W27,IF(Builder!B4="Twin",'Line Item Detail'!X27,'Line Item Detail'!Y27)) -> 570
A45: ='Line Item Detail'!A33 -> MLC Charges | B45: Bedside Services | C45: ='Line Item Detail'!C33 -> Administrative | D45: ='Line Item Detail'!D33 -> Logic | E45: ='Line Item Detail'!E33 -> Applied only when MLC input is Yes | F45: =IF(AND(Builder!E2="Insurance / Org Tariff",IFERROR(INDEX(Reference!$EZ$2:$EZ$1000, MATCH('Line Item Detail'!F33, Reference!$EX$2:$EX$1000, 0)), "No")="Yes"),"Excluded for Insurance",IF('Line Item Detail'!D33="Grouped Residual",IF((IF(Builder!B4="General",'Line Item Detail'!W33,IF(Builder!B4="Twin",'Line Item Detail'!X33,'Line Item Detail'!Y33)))=0,"Excluded","Included"),"Included")) -> Included | G45: =IF('Line Item Detail'!D33="Grouped Residual","",'Line Item Detail'!G33) -> 0 | H45: =Builder!B4 -> Single | I45: =IF('Line Item Detail'!D33="Grouped Residual",IF((IF(Builder!B4="General",'Line Item Detail'!W33,IF(Builder!B4="Twin",'Line Item Detail'!X33,'Line Item Detail'!Y33)))=0,"",IF(Builder!B4="General",'Line Item Detail'!K33,IF(Builder!B4="Twin",'Line Item Detail'!L33,'Line Item Detail'!M33))),IF(Builder!B4="General",'Line Item Detail'!K33,IF(Builder!B4="Twin",'Line Item Detail'!L33,'Line Item Detail'!M33))) -> 1200 | J45: =IF(Builder!B4="General",'Line Item Detail'!W33,IF(Builder!B4="Twin",'Line Item Detail'!X33,'Line Item Detail'!Y33)) -> 0
A47: Drug Administration Charges
A48: ='Line Item Detail'!A34 -> Drug Administration Charges | B48: Drug Administration Charges | C48: ='Line Item Detail'!C34 -> Pharmacy Related | D48: ='Line Item Detail'!D34 -> Logic | E48: ='Line Item Detail'!E34 -> 12.5% of pharmacy total | F48: =IF(AND(Builder!E2="Insurance / Org Tariff",IFERROR(INDEX(Reference!$EZ$2:$EZ$1000, MATCH('Line Item Detail'!F34, Reference!$EX$2:$EX$1000, 0)), "No")="Yes"),"Excluded for Insurance",IF('Line Item Detail'!D34="Grouped Residual",IF((IF(Builder!B4="General",'Line Item Detail'!W34,IF(Builder!B4="Twin",'Line Item Detail'!X34,'Line Item Detail'!Y34)))=0,"Excluded","Included"),"Included")) -> Included | G48: =IF('Line Item Detail'!D34="Grouped Residual","",'Line Item Detail'!G34) -> 0 | H48: =Builder!B4 -> Single | I48: =IF('Line Item Detail'!D34="Grouped Residual",IF((IF(Builder!B4="General",'Line Item Detail'!W34,IF(Builder!B4="Twin",'Line Item Detail'!X34,'Line Item Detail'!Y34)))=0,"",IF(Builder!B4="General",'Line Item Detail'!K34,IF(Builder!B4="Twin",'Line Item Detail'!L34,'Line Item Detail'!M34))),IF(Builder!B4="General",'Line Item Detail'!K34,IF(Builder!B4="Twin",'Line Item Detail'!L34,'Line Item Detail'!M34))) -> 0 | J48: =IF(Builder!B4="General",'Line Item Detail'!W34,IF(Builder!B4="Twin",'Line Item Detail'!X34,'Line Item Detail'!Y34)) -> 23725.63
A50: Pharmacy
A51: ='Line Item Detail'!A39 -> IP Drugs & Medications | B51: Pharmacy | C51: ='Line Item Detail'!C39 -> IP Pharmacy | D51: ='Line Item Detail'!D39 -> History | E51: ='Line Item Detail'!E39 -> Historic per-LOS-day percentile x selected LOS | F51: =IF(AND(Builder!E2="Insurance / Org Tariff",IFERROR(INDEX(Reference!$EZ$2:$EZ$1000, MATCH('Line Item Detail'!F39, Reference!$EX$2:$EX$1000, 0)), "No")="Yes"),"Excluded for Insurance",IF('Line Item Detail'!D39="Grouped Residual",IF((IF(Builder!B4="General",'Line Item Detail'!W39,IF(Builder!B4="Twin",'Line Item Detail'!X39,'Line Item Detail'!Y39)))=0,"Excluded","Included"),"Included")) -> Included | G51: =IF('Line Item Detail'!D39="Grouped Residual","",'Line Item Detail'!G39) -> 3 | H51: =Builder!B4 -> Single | I51: =IF('Line Item Detail'!D39="Grouped Residual",IF((IF(Builder!B4="General",'Line Item Detail'!W39,IF(Builder!B4="Twin",'Line Item Detail'!X39,'Line Item Detail'!Y39)))=0,"",IF(Builder!B4="General",'Line Item Detail'!K39,IF(Builder!B4="Twin",'Line Item Detail'!L39,'Line Item Detail'!M39))),IF(Builder!B4="General",'Line Item Detail'!K39,IF(Builder!B4="Twin",'Line Item Detail'!L39,'Line Item Detail'!M39))) -> 2855.3188 | J51: =IF(Builder!B4="General",'Line Item Detail'!W39,IF(Builder!B4="Twin",'Line Item Detail'!X39,'Line Item Detail'!Y39)) -> 8565.9563
A52: ='Line Item Detail'!A40 -> IP Consumables | B52: Pharmacy | C52: ='Line Item Detail'!C40 -> IP Pharmacy | D52: ='Line Item Detail'!D40 -> History | E52: ='Line Item Detail'!E40 -> Historic per-LOS-day percentile x selected LOS | F52: =IF(AND(Builder!E2="Insurance / Org Tariff",IFERROR(INDEX(Reference!$EZ$2:$EZ$1000, MATCH('Line Item Detail'!F40, Reference!$EX$2:$EX$1000, 0)), "No")="Yes"),"Excluded for Insurance",IF('Line Item Detail'!D40="Grouped Residual",IF((IF(Builder!B4="General",'Line Item Detail'!W40,IF(Builder!B4="Twin",'Line Item Detail'!X40,'Line Item Detail'!Y40)))=0,"Excluded","Included"),"Included")) -> Included | G52: =IF('Line Item Detail'!D40="Grouped Residual","",'Line Item Detail'!G40) -> 3 | H52: =Builder!B4 -> Single | I52: =IF('Line Item Detail'!D40="Grouped Residual",IF((IF(Builder!B4="General",'Line Item Detail'!W40,IF(Builder!B4="Twin",'Line Item Detail'!X40,'Line Item Detail'!Y40)))=0,"",IF(Builder!B4="General",'Line Item Detail'!K40,IF(Builder!B4="Twin",'Line Item Detail'!L40,'Line Item Detail'!M40))),IF(Builder!B4="General",'Line Item Detail'!K40,IF(Builder!B4="Twin",'Line Item Detail'!L40,'Line Item Detail'!M40))) -> 3428.8283 | J52: =IF(Builder!B4="General",'Line Item Detail'!W40,IF(Builder!B4="Twin",'Line Item Detail'!X40,'Line Item Detail'!Y40)) -> 10286.485
A53: ='Line Item Detail'!A41 -> OT Drugs & Medications | B53: Pharmacy | C53: ='Line Item Detail'!C41 -> OT Pharmacy | D53: ='Line Item Detail'!D41 -> History | E53: ='Line Item Detail'!E41 -> Bucket quartiles | F53: =IF(AND(Builder!E2="Insurance / Org Tariff",IFERROR(INDEX(Reference!$EZ$2:$EZ$1000, MATCH('Line Item Detail'!F41, Reference!$EX$2:$EX$1000, 0)), "No")="Yes"),"Excluded for Insurance",IF('Line Item Detail'!D41="Grouped Residual",IF((IF(Builder!B4="General",'Line Item Detail'!W41,IF(Builder!B4="Twin",'Line Item Detail'!X41,'Line Item Detail'!Y41)))=0,"Excluded","Included"),"Included")) -> Included | G53: =IF('Line Item Detail'!D41="Grouped Residual","",'Line Item Detail'!G41) -> 0 | H53: =Builder!B4 -> Single | I53: =IF('Line Item Detail'!D41="Grouped Residual",IF((IF(Builder!B4="General",'Line Item Detail'!W41,IF(Builder!B4="Twin",'Line Item Detail'!X41,'Line Item Detail'!Y41)))=0,"",IF(Builder!B4="General",'Line Item Detail'!K41,IF(Builder!B4="Twin",'Line Item Detail'!L41,'Line Item Detail'!M41))),IF(Builder!B4="General",'Line Item Detail'!K41,IF(Builder!B4="Twin",'Line Item Detail'!L41,'Line Item Detail'!M41))) -> 0 | J53: =IF(Builder!B4="General",'Line Item Detail'!W41,IF(Builder!B4="Twin",'Line Item Detail'!X41,'Line Item Detail'!Y41)) -> 9439.535
A54: ='Line Item Detail'!A42 -> OT Consumables | B54: Pharmacy | C54: ='Line Item Detail'!C42 -> OT Pharmacy | D54: ='Line Item Detail'!D42 -> Advanced | E54: ='Line Item Detail'!E42 -> OT consumables variance controls | F54: =IF(AND(Builder!E2="Insurance / Org Tariff",IFERROR(INDEX(Reference!$EZ$2:$EZ$1000, MATCH('Line Item Detail'!F42, Reference!$EX$2:$EX$1000, 0)), "No")="Yes"),"Excluded for Insurance",IF('Line Item Detail'!D42="Grouped Residual",IF((IF(Builder!B4="General",'Line Item Detail'!W42,IF(Builder!B4="Twin",'Line Item Detail'!X42,'Line Item Detail'!Y42)))=0,"Excluded","Included"),"Included")) -> Included | G54: =IF('Line Item Detail'!D42="Grouped Residual","",'Line Item Detail'!G42) -> 0 | H54: =Builder!B4 -> Single | I54: =IF('Line Item Detail'!D42="Grouped Residual",IF((IF(Builder!B4="General",'Line Item Detail'!W42,IF(Builder!B4="Twin",'Line Item Detail'!X42,'Line Item Detail'!Y42)))=0,"",IF(Builder!B4="General",'Line Item Detail'!K42,IF(Builder!B4="Twin",'Line Item Detail'!L42,'Line Item Detail'!M42))),IF(Builder!B4="General",'Line Item Detail'!K42,IF(Builder!B4="Twin",'Line Item Detail'!L42,'Line Item Detail'!M42))) -> 0 | J54: =IF(Builder!B4="General",'Line Item Detail'!W42,IF(Builder!B4="Twin",'Line Item Detail'!X42,'Line Item Detail'!Y42)) -> 72382.9
A55: ='Line Item Detail'!A43 -> Implants | B55: Pharmacy | C55: ='Line Item Detail'!C43 -> Implants | D55: ='Line Item Detail'!D43 -> Advanced | E55: ='Line Item Detail'!E43 -> Implant variance controls | F55: =IF(AND(Builder!E2="Insurance / Org Tariff",IFERROR(INDEX(Reference!$EZ$2:$EZ$1000, MATCH('Line Item Detail'!F43, Reference!$EX$2:$EX$1000, 0)), "No")="Yes"),"Excluded for Insurance",IF('Line Item Detail'!D43="Grouped Residual",IF((IF(Builder!B4="General",'Line Item Detail'!W43,IF(Builder!B4="Twin",'Line Item Detail'!X43,'Line Item Detail'!Y43)))=0,"Excluded","Included"),"Included")) -> Included | G55: =IF('Line Item Detail'!D43="Grouped Residual","",'Line Item Detail'!G43) -> 0 | H55: =Builder!B4 -> Single | I55: =IF('Line Item Detail'!D43="Grouped Residual",IF((IF(Builder!B4="General",'Line Item Detail'!W43,IF(Builder!B4="Twin",'Line Item Detail'!X43,'Line Item Detail'!Y43)))=0,"",IF(Builder!B4="General",'Line Item Detail'!K43,IF(Builder!B4="Twin",'Line Item Detail'!L43,'Line Item Detail'!M43))),IF(Builder!B4="General",'Line Item Detail'!K43,IF(Builder!B4="Twin",'Line Item Detail'!L43,'Line Item Detail'!M43))) -> 0 | J55: =IF(Builder!B4="General",'Line Item Detail'!W43,IF(Builder!B4="Twin",'Line Item Detail'!X43,'Line Item Detail'!Y43)) -> 89130.16
A57: Professional Fees
A58: ='Line Item Detail'!A35 -> Surgeon | B58: Professional Fees | C58: ='Line Item Detail'!C35 -> Professional Fees | D58: ='Line Item Detail'!D35 -> Logic | E58: ='Line Item Detail'!E35 -> Cash PF % of pre-PF subtotal | F58: =IF(AND(Builder!E2="Insurance / Org Tariff",IFERROR(INDEX(Reference!$EZ$2:$EZ$1000, MATCH('Line Item Detail'!F35, Reference!$EX$2:$EX$1000, 0)), "No")="Yes"),"Excluded for Insurance",IF('Line Item Detail'!D35="Grouped Residual",IF((IF(Builder!B4="General",'Line Item Detail'!W35,IF(Builder!B4="Twin",'Line Item Detail'!X35,'Line Item Detail'!Y35)))=0,"Excluded","Included"),"Included")) -> Included | G58: =IF('Line Item Detail'!D35="Grouped Residual","",'Line Item Detail'!G35) -> 0 | H58: =Builder!B4 -> Single | I58: =IF('Line Item Detail'!D35="Grouped Residual",IF((IF(Builder!B4="General",'Line Item Detail'!W35,IF(Builder!B4="Twin",'Line Item Detail'!X35,'Line Item Detail'!Y35)))=0,"",IF(Builder!B4="General",'Line Item Detail'!K35,IF(Builder!B4="Twin",'Line Item Detail'!L35,'Line Item Detail'!M35))),IF(Builder!B4="General",'Line Item Detail'!K35,IF(Builder!B4="Twin",'Line Item Detail'!L35,'Line Item Detail'!M35))) -> 0 | J58: =IF(Builder!B4="General",'Line Item Detail'!W35,IF(Builder!B4="Twin",'Line Item Detail'!X35,'Line Item Detail'!Y35)) -> 109402.67
A59: ='Line Item Detail'!A36 -> Assistant Surgeon | B59: Professional Fees | C59: ='Line Item Detail'!C36 -> Professional Fees | D59: ='Line Item Detail'!D36 -> Logic | E59: ='Line Item Detail'!E36 -> Cash PF % of surgeon fee | F59: =IF(AND(Builder!E2="Insurance / Org Tariff",IFERROR(INDEX(Reference!$EZ$2:$EZ$1000, MATCH('Line Item Detail'!F36, Reference!$EX$2:$EX$1000, 0)), "No")="Yes"),"Excluded for Insurance",IF('Line Item Detail'!D36="Grouped Residual",IF((IF(Builder!B4="General",'Line Item Detail'!W36,IF(Builder!B4="Twin",'Line Item Detail'!X36,'Line Item Detail'!Y36)))=0,"Excluded","Included"),"Included")) -> Included | G59: =IF('Line Item Detail'!D36="Grouped Residual","",'Line Item Detail'!G36) -> 0 | H59: =Builder!B4 -> Single | I59: =IF('Line Item Detail'!D36="Grouped Residual",IF((IF(Builder!B4="General",'Line Item Detail'!W36,IF(Builder!B4="Twin",'Line Item Detail'!X36,'Line Item Detail'!Y36)))=0,"",IF(Builder!B4="General",'Line Item Detail'!K36,IF(Builder!B4="Twin",'Line Item Detail'!L36,'Line Item Detail'!M36))),IF(Builder!B4="General",'Line Item Detail'!K36,IF(Builder!B4="Twin",'Line Item Detail'!L36,'Line Item Detail'!M36))) -> 0 | J59: =IF(Builder!B4="General",'Line Item Detail'!W36,IF(Builder!B4="Twin",'Line Item Detail'!X36,'Line Item Detail'!Y36)) -> 16410.4
